2025-04-30 10:17:28,883 [INFO] Activator:176 - 


2025-04-30 10:17:28,885 [INFO] Activator:177 - !SESSION log4j initialized
2025-04-30 10:17:33,085 [INFO] LogOutputStream:77 - [STDOUT_REDIRECT] 
2025-04-30 10:17:37,965 [INFO] ApplicationProperties:184 - Using Application install path: C:\ST\STM32CubeIDE_1.14.0\STM32CubeIDE\plugins\com.st.stm32cube.common.mx_6.10.0.202311202037
2025-04-30 10:17:37,995 [INFO] DbMcusXml:78 - Set database path to: C:\ST\STM32CubeIDE_1.14.0\STM32CubeIDE\plugins\com.st.stm32cube.common.mx_6.10.0.202311202037\\db\/mcu/
2025-04-30 10:17:37,995 [INFO] ApiDb:274 - Set plugin database path to: C:\ST\STM32CubeIDE_1.14.0\STM32CubeIDE\plugins\com.st.stm32cube.common.mx_6.10.0.202311202037\\db\/plugins/boardmanager/
2025-04-30 10:17:37,996 [WARN] ApiDb:259 - Overriding images path with different value:  => C:\ST\STM32CubeIDE_1.14.0\STM32CubeIDE\plugins\com.st.stm32cube.common.mx_6.10.0.202311202037\\db\/plugins/mcufinder/images/
2025-04-30 10:17:38,009 [INFO] ApiDb:250 - Set database path to: C:\Users\jayka\.stmcufinder\plugins\mcufinder//mcu/
2025-04-30 10:17:38,011 [INFO] DbMcusAds:125 - Set database path to: C:\Users\jayka\.stmcufinder\plugins\mcufinder//mcu/
2025-04-30 10:17:38,015 [INFO] CrossReferenceDbSqlite:203 - Set database path to: C:\Users\jayka\.stmcufinder\plugins\mcufinder//mcu/cs/
2025-04-30 10:17:38,185 [INFO] RulesReader:64 - Compatibility file has been processed (297 Rules)
2025-04-30 10:17:38,298 [INFO] DbMcusXml:78 - Set database path to: C:\ST\STM32CubeIDE_1.14.0\STM32CubeIDE\plugins\com.st.stm32cube.common.mx_6.10.0.202311202037\\db\/mcu/
2025-04-30 10:17:38,299 [INFO] ApiDb:274 - Set plugin database path to: C:\ST\STM32CubeIDE_1.14.0\STM32CubeIDE\plugins\com.st.stm32cube.common.mx_6.10.0.202311202037\\db\/plugins/boardmanager/
2025-04-30 10:17:38,299 [INFO] ApiDb:261 - Set plugin images path to: C:\ST\STM32CubeIDE_1.14.0\STM32CubeIDE\plugins\com.st.stm32cube.common.mx_6.10.0.202311202037\\db\/plugins/mcufinder/images/
2025-04-30 10:17:38,299 [WARN] DbFile:41 - Overriding database path with different value: C:\Users\jayka\.stmcufinder\plugins\mcufinder/ => C:\Users\jayka\.stmcufinder\plugins\mcufinder
2025-04-30 10:17:38,300 [INFO] ApiDb:250 - Set database path to: C:\Users\jayka\.stmcufinder\plugins\mcufinder//mcu/
2025-04-30 10:17:38,300 [WARN] DbFile:41 - Overriding database path with different value: C:\Users\jayka\.stmcufinder\plugins\mcufinder/ => C:\Users\jayka\.stmcufinder\plugins\mcufinder
2025-04-30 10:17:38,300 [INFO] DbMcusAds:125 - Set database path to: C:\Users\jayka\.stmcufinder\plugins\mcufinder//mcu/
2025-04-30 10:17:38,300 [WARN] DbFile:41 - Overriding database path with different value: C:\Users\jayka\.stmcufinder\plugins\mcufinder/ => C:\Users\jayka\.stmcufinder\plugins\mcufinder
2025-04-30 10:17:38,300 [WARN] DbFile:41 - Overriding database path with different value: C:\Users\jayka\.stmcufinder\plugins\mcufinder/ => C:\Users\jayka\.stmcufinder\plugins\mcufinder
2025-04-30 10:17:38,300 [INFO] CrossReferenceDbSqlite:203 - Set database path to: C:\Users\jayka\.stmcufinder\plugins\mcufinder//mcu/cs/
2025-04-30 10:17:38,405 [INFO] MainPanel:264 - HeapMemory: 268435456
2025-04-30 10:17:38,546 [INFO] DbMcusXml:78 - Set database path to: C:\ST\STM32CubeIDE_1.14.0\STM32CubeIDE\plugins\com.st.stm32cube.common.mx_6.10.0.202311202037\\db\/mcu/
2025-04-30 10:17:38,547 [INFO] ApiDb:274 - Set plugin database path to: C:\ST\STM32CubeIDE_1.14.0\STM32CubeIDE\plugins\com.st.stm32cube.common.mx_6.10.0.202311202037\\db\/plugins/boardmanager/
2025-04-30 10:17:38,547 [INFO] ApiDb:261 - Set plugin images path to: C:\ST\STM32CubeIDE_1.14.0\STM32CubeIDE\plugins\com.st.stm32cube.common.mx_6.10.0.202311202037\\db\/plugins/mcufinder/images/
2025-04-30 10:17:38,548 [WARN] DbFile:41 - Overriding database path with different value: C:\Users\jayka\.stmcufinder\plugins\mcufinder/ => C:\Users\jayka\.stmcufinder\plugins\mcufinder
2025-04-30 10:17:38,548 [INFO] ApiDb:250 - Set database path to: C:\Users\jayka\.stmcufinder\plugins\mcufinder//mcu/
2025-04-30 10:17:38,548 [WARN] DbFile:41 - Overriding database path with different value: C:\Users\jayka\.stmcufinder\plugins\mcufinder/ => C:\Users\jayka\.stmcufinder\plugins\mcufinder
2025-04-30 10:17:38,548 [INFO] DbMcusAds:125 - Set database path to: C:\Users\jayka\.stmcufinder\plugins\mcufinder//mcu/
2025-04-30 10:17:38,548 [WARN] DbFile:41 - Overriding database path with different value: C:\Users\jayka\.stmcufinder\plugins\mcufinder/ => C:\Users\jayka\.stmcufinder\plugins\mcufinder
2025-04-30 10:17:38,548 [WARN] DbFile:41 - Overriding database path with different value: C:\Users\jayka\.stmcufinder\plugins\mcufinder/ => C:\Users\jayka\.stmcufinder\plugins\mcufinder
2025-04-30 10:17:38,548 [INFO] CrossReferenceDbSqlite:203 - Set database path to: C:\Users\jayka\.stmcufinder\plugins\mcufinder//mcu/cs/
2025-04-30 10:17:38,577 [INFO] ApplicationProperties:184 - Using Application install path: C:\ST\STM32CubeIDE_1.14.0\STM32CubeIDE\plugins\com.st.stm32cube.common.mx_6.10.0.202311202037
2025-04-30 10:17:38,579 [INFO] PluginManage:196 - Search for loadable plugins [exclusion list=, ]
2025-04-30 10:17:38,589 [INFO] PluginManage:310 - Check plugin analytics
2025-04-30 10:17:38,989 [INFO] AnalyticsPlugin:253 - Accepted Software Licenses: 
2025-04-30 10:17:38,989 [INFO] AnalyticsPlugin:255 - Accepted CMSIS Pack Licenses: 
2025-04-30 10:17:38,989 [INFO] AnalyticsPlugin:257 - Accepted Firmware Licenses: 
2025-04-30 10:17:38,993 [INFO] PluginManage:359 - Loaded plugin analytics (category:tool,tabindex:-1)
2025-04-30 10:17:38,993 [INFO] PluginManage:310 - Check plugin cadmodel
2025-04-30 10:17:39,003 [INFO] CADModel:105 - Init CAD model plugin
2025-04-30 10:17:39,003 [INFO] PluginManage:359 - Loaded plugin cadmodel (category:power,tabindex:5)
2025-04-30 10:17:39,004 [INFO] PluginManage:310 - Check plugin clock
2025-04-30 10:17:39,021 [INFO] PluginManage:359 - Loaded plugin clock (category:base,tabindex:2)
2025-04-30 10:17:39,021 [INFO] PluginManage:310 - Check plugin ddr
2025-04-30 10:17:39,025 [INFO] PluginManage:359 - Loaded plugin ddr (category:tool,tabindex:6)
2025-04-30 10:17:39,026 [INFO] PluginManage:310 - Check plugin filemanager
2025-04-30 10:17:39,259 [INFO] PluginManage:359 - Loaded plugin filemanager (category:base,tabindex:10)
2025-04-30 10:17:39,259 [INFO] PluginManage:310 - Check plugin ipmanager
2025-04-30 10:17:39,273 [INFO] PluginManage:359 - Loaded plugin ipmanager (category:base,tabindex:5)
2025-04-30 10:17:39,273 [INFO] PluginManage:310 - Check plugin lpbam
2025-04-30 10:17:39,302 [INFO] PluginManage:359 - Loaded plugin lpbam (category:base,tabindex:0)
2025-04-30 10:17:39,302 [INFO] PluginManage:310 - Check plugin memorymap
2025-04-30 10:17:39,346 [INFO] PluginManage:359 - Loaded plugin memorymap (category:base,tabindex:4)
2025-04-30 10:17:39,346 [INFO] PluginManage:310 - Check plugin pinoutandconfiguration
2025-04-30 10:17:39,365 [INFO] PluginManage:359 - Loaded plugin pinoutandconfiguration (category:base,tabindex:1)
2025-04-30 10:17:39,365 [INFO] PluginManage:310 - Check plugin pinoutconfig
2025-04-30 10:17:39,580 [WARN] SupportedApi:132 - Cannot load RTOS API schema: s4s-elt-must-match.1: The content of 'definitions' must match (annotation?, (simpleType | complexType)?, (unique | key | keyref)*)). A problem was found starting at: attribute.
2025-04-30 10:17:39,791 [INFO] PluginManage:359 - Loaded plugin pinoutconfig (category:base,tabindex:0)
2025-04-30 10:17:39,791 [INFO] PluginManage:310 - Check plugin power
2025-04-30 10:17:39,805 [INFO] PluginManage:359 - Loaded plugin power (category:power,tabindex:4)
2025-04-30 10:17:39,805 [INFO] PluginManage:310 - Check plugin projectmanager
2025-04-30 10:17:39,827 [INFO] PluginManage:359 - Loaded plugin projectmanager (category:projectmanager,tabindex:3)
2025-04-30 10:17:39,828 [INFO] PluginManage:310 - Check plugin thirdparty
2025-04-30 10:17:40,005 [INFO] PluginManage:359 - Loaded plugin thirdparty (category:base,tabindex:-1)
2025-04-30 10:17:40,006 [INFO] PluginManage:310 - Check plugin tools
2025-04-30 10:17:40,006 [WARN] IntegrityCheckThread:84 - waiting for thirdparty lock release [integrity check]
2025-04-30 10:17:40,007 [INFO] IntegrityCheckThread:86 - entering critical section [integrity check]
2025-04-30 10:17:40,008 [INFO] ThirdPartyUpdaterWithRetryManager:70 - Updater plugin not ready yet. [1/15]
2025-04-30 10:17:40,010 [INFO] PluginManage:359 - Loaded plugin tools (category:base,tabindex:7)
2025-04-30 10:17:40,010 [INFO] PluginManage:310 - Check plugin tutovideos
2025-04-30 10:17:40,300 [INFO] PluginManage:359 - Loaded plugin tutovideos (category:base,tabindex:-1)
2025-04-30 10:17:40,300 [INFO] PluginManage:310 - Check plugin updater
2025-04-30 10:17:40,318 [INFO] PluginManage:359 - Loaded plugin updater (category:base,tabindex:12)
2025-04-30 10:17:40,318 [INFO] PluginManage:310 - Check plugin userauth
2025-04-30 10:17:40,327 [INFO] UserAuth:114 - Init User Auth plugin
2025-04-30 10:17:40,327 [INFO] PluginManage:359 - Loaded plugin userauth (category:base,tabindex:14)
2025-04-30 10:17:40,328 [INFO] PluginManage:283 - PluginManage : Loaded plugins [17]
2025-04-30 10:17:40,661 [INFO] PinOutPanel:1499 - setPackage(No Configuration,No Configuration)
2025-04-30 10:17:40,847 [INFO] CADModel:165 - CPN selected for project level
2025-04-30 10:17:40,847 [INFO] CADModel:114 - Register for checkConnection events
2025-04-30 10:17:40,878 [INFO] IPUIPlugin:80 - create IPUIPlugin
2025-04-30 10:17:40,878 [INFO] PluginManager:220 - loadIPPluginJar : add adc
2025-04-30 10:17:40,882 [INFO] IPUIPlugin:80 - create IPUIPlugin
2025-04-30 10:17:40,882 [INFO] PluginManager:220 - loadIPPluginJar : add aes
2025-04-30 10:17:40,888 [INFO] IPUIPlugin:80 - create IPUIPlugin
2025-04-30 10:17:40,888 [INFO] PluginManager:220 - loadIPPluginJar : add can
2025-04-30 10:17:40,891 [INFO] IPUIPlugin:80 - create IPUIPlugin
2025-04-30 10:17:40,891 [INFO] PluginManager:220 - loadIPPluginJar : add comp
2025-04-30 10:17:40,895 [INFO] IPUIPlugin:80 - create IPUIPlugin
2025-04-30 10:17:40,895 [INFO] PluginManager:220 - loadIPPluginJar : add cryp
2025-04-30 10:17:40,900 [INFO] IPUIPlugin:80 - create IPUIPlugin
2025-04-30 10:17:40,900 [INFO] PluginManager:220 - loadIPPluginJar : add dfsdm
2025-04-30 10:17:40,910 [INFO] IPUIPlugin:80 - create IPUIPlugin
2025-04-30 10:17:40,911 [INFO] PluginManager:220 - loadIPPluginJar : add dma
2025-04-30 10:17:40,915 [INFO] IPUIPlugin:80 - create IPUIPlugin
2025-04-30 10:17:40,915 [INFO] PluginManager:220 - loadIPPluginJar : add dma3
2025-04-30 10:17:40,917 [INFO] IPUIPlugin:80 - create IPUIPlugin
2025-04-30 10:17:40,918 [INFO] PluginManager:220 - loadIPPluginJar : add fatfs
2025-04-30 10:17:40,924 [INFO] IPUIPlugin:80 - create IPUIPlugin
2025-04-30 10:17:40,924 [INFO] PluginManager:220 - loadIPPluginJar : add fmc
2025-04-30 10:17:40,934 [INFO] IPUIPlugin:80 - create IPUIPlugin
2025-04-30 10:17:40,934 [INFO] PluginManager:220 - loadIPPluginJar : add freertos
2025-04-30 10:17:40,937 [INFO] IPUIPlugin:80 - create IPUIPlugin
2025-04-30 10:17:40,937 [INFO] PluginManager:220 - loadIPPluginJar : add genericplugin
2025-04-30 10:17:40,942 [INFO] IPUIPlugin:80 - create IPUIPlugin
2025-04-30 10:17:40,942 [INFO] PluginManager:220 - loadIPPluginJar : add gfxmmu
2025-04-30 10:17:40,948 [INFO] IPUIPlugin:80 - create IPUIPlugin
2025-04-30 10:17:40,949 [INFO] PluginManager:220 - loadIPPluginJar : add gic
2025-04-30 10:17:40,955 [INFO] IPUIPlugin:80 - create IPUIPlugin
2025-04-30 10:17:40,956 [INFO] PluginManager:220 - loadIPPluginJar : add gpio
2025-04-30 10:17:40,960 [INFO] IPUIPlugin:80 - create IPUIPlugin
2025-04-30 10:17:40,961 [INFO] PluginManager:220 - loadIPPluginJar : add gtzc
2025-04-30 10:17:40,964 [INFO] IPUIPlugin:80 - create IPUIPlugin
2025-04-30 10:17:40,964 [INFO] PluginManager:220 - loadIPPluginJar : add hash
2025-04-30 10:17:40,969 [INFO] IPUIPlugin:80 - create IPUIPlugin
2025-04-30 10:17:40,969 [INFO] PluginManager:220 - loadIPPluginJar : add i2c
2025-04-30 10:17:40,974 [INFO] IPUIPlugin:80 - create IPUIPlugin
2025-04-30 10:17:40,974 [INFO] PluginManager:220 - loadIPPluginJar : add i2s
2025-04-30 10:17:40,978 [INFO] IPUIPlugin:80 - create IPUIPlugin
2025-04-30 10:17:40,978 [INFO] PluginManager:220 - loadIPPluginJar : add i3c
2025-04-30 10:17:40,984 [INFO] IPUIPlugin:80 - create IPUIPlugin
2025-04-30 10:17:40,984 [INFO] PluginManager:220 - loadIPPluginJar : add ipddr
2025-04-30 10:17:40,997 [INFO] IPUIPlugin:80 - create IPUIPlugin
2025-04-30 10:17:40,997 [INFO] PluginManager:220 - loadIPPluginJar : add linkedlist
2025-04-30 10:17:41,001 [INFO] IPUIPlugin:80 - create IPUIPlugin
2025-04-30 10:17:41,001 [INFO] PluginManager:220 - loadIPPluginJar : add lorawan
2025-04-30 10:17:41,003 [INFO] IPUIPlugin:80 - create IPUIPlugin
2025-04-30 10:17:41,003 [INFO] PluginManager:220 - loadIPPluginJar : add ltdc
2025-04-30 10:17:41,013 [INFO] IPUIPlugin:80 - create IPUIPlugin
2025-04-30 10:17:41,013 [INFO] PluginManager:220 - loadIPPluginJar : add mdma
2025-04-30 10:17:41,020 [INFO] IPUIPlugin:80 - create IPUIPlugin
2025-04-30 10:17:41,020 [INFO] PluginManager:220 - loadIPPluginJar : add nvic
2025-04-30 10:17:41,025 [INFO] IPUIPlugin:80 - create IPUIPlugin
2025-04-30 10:17:41,026 [INFO] PluginManager:220 - loadIPPluginJar : add opamp
2025-04-30 10:17:41,028 [INFO] IPUIPlugin:80 - create IPUIPlugin
2025-04-30 10:17:41,028 [INFO] PluginManager:220 - loadIPPluginJar : add openamp
2025-04-30 10:17:41,033 [INFO] IPUIPlugin:80 - create IPUIPlugin
2025-04-30 10:17:41,033 [INFO] PluginManager:220 - loadIPPluginJar : add pdm2pcm
2025-04-30 10:17:41,038 [INFO] IPUIPlugin:80 - create IPUIPlugin
2025-04-30 10:17:41,043 [INFO] PluginManager:220 - loadIPPluginJar : add plateformsettings
2025-04-30 10:17:41,043 [INFO] IPUIPlugin:80 - create IPUIPlugin
2025-04-30 10:17:41,043 [INFO] PluginManager:220 - loadIPPluginJar : add quadspi
2025-04-30 10:17:41,043 [INFO] IPUIPlugin:80 - create IPUIPlugin
2025-04-30 10:17:41,043 [INFO] PluginManager:220 - loadIPPluginJar : add resmgrutility
2025-04-30 10:17:41,059 [INFO] IPUIPlugin:80 - create IPUIPlugin
2025-04-30 10:17:41,059 [INFO] PluginManager:220 - loadIPPluginJar : add sai
2025-04-30 10:17:41,059 [INFO] IPUIPlugin:80 - create IPUIPlugin
2025-04-30 10:17:41,059 [INFO] PluginManager:220 - loadIPPluginJar : add spi
2025-04-30 10:17:41,071 [INFO] IPUIPlugin:80 - create IPUIPlugin
2025-04-30 10:17:41,071 [INFO] PluginManager:220 - loadIPPluginJar : add stm32_wpan
2025-04-30 10:17:41,071 [INFO] IPUIPlugin:80 - create IPUIPlugin
2025-04-30 10:17:41,071 [INFO] PluginManager:220 - loadIPPluginJar : add tim
2025-04-30 10:17:41,075 [INFO] IPUIPlugin:80 - create IPUIPlugin
2025-04-30 10:17:41,075 [INFO] PluginManager:220 - loadIPPluginJar : add touchsensing
2025-04-30 10:17:41,075 [INFO] IPUIPlugin:80 - create IPUIPlugin
2025-04-30 10:17:41,075 [INFO] PluginManager:220 - loadIPPluginJar : add tracer_emb
2025-04-30 10:17:41,085 [INFO] IPUIPlugin:80 - create IPUIPlugin
2025-04-30 10:17:41,085 [INFO] PluginManager:220 - loadIPPluginJar : add ts
2025-04-30 10:17:41,087 [INFO] IPUIPlugin:80 - create IPUIPlugin
2025-04-30 10:17:41,087 [INFO] PluginManager:220 - loadIPPluginJar : add tsc
2025-04-30 10:17:41,091 [INFO] IPUIPlugin:80 - create IPUIPlugin
2025-04-30 10:17:41,091 [INFO] PluginManager:220 - loadIPPluginJar : add ucpd
2025-04-30 10:17:41,091 [INFO] IPUIPlugin:80 - create IPUIPlugin
2025-04-30 10:17:41,091 [INFO] PluginManager:220 - loadIPPluginJar : add usart
2025-04-30 10:17:41,091 [INFO] IPUIPlugin:80 - create IPUIPlugin
2025-04-30 10:17:41,091 [INFO] PluginManager:220 - loadIPPluginJar : add usbx
2025-04-30 10:17:41,276 [INFO] CADModel:165 - CPN selected for project level
2025-04-30 10:17:41,276 [INFO] CADModel:114 - Register for checkConnection events
2025-04-30 10:17:41,276 [FATAL] Updater:308 - Updater called before beeing initialized
2025-04-30 10:17:41,276 [ERROR] CADModel:125 - Updater not yet initialized, retry later 
2025-04-30 10:17:41,502 [INFO] CADModel:165 - CPN selected for project level
2025-04-30 10:17:41,502 [INFO] CADModel:114 - Register for checkConnection events
2025-04-30 10:17:41,502 [FATAL] Updater:308 - Updater called before beeing initialized
2025-04-30 10:17:41,502 [ERROR] CADModel:125 - Updater not yet initialized, retry later 
2025-04-30 10:17:41,509 [FATAL] Updater:308 - Updater called before beeing initialized
2025-04-30 10:17:41,664 [FATAL] Updater:308 - Updater called before beeing initialized
2025-04-30 10:17:41,673 [INFO] DbMcusAds:53 - JSON generation date=Thu May 16 14:52:00 IST 2024 (1715851320667)
2025-04-30 10:17:41,673 [FATAL] Updater:308 - Updater called before beeing initialized
2025-04-30 10:17:41,750 [WARN] DetailPanel:346 - Failed to get advertising image, set to default
2025-04-30 10:17:41,972 [FATAL] Updater:308 - Updater called before beeing initialized
2025-04-30 10:17:41,977 [FATAL] Updater:308 - Updater called before beeing initialized
2025-04-30 10:17:41,977 [FATAL] Updater:308 - Updater called before beeing initialized
2025-04-30 10:17:41,977 [WARN] DetailPanel:346 - Failed to get advertising image, set to default
2025-04-30 10:17:41,977 [FATAL] Updater:308 - Updater called before beeing initialized
2025-04-30 10:17:42,069 [ERROR] Updater:1120 - MainUpdater not yet initialized. External WinMGr cannot be set.
2025-04-30 10:17:42,076 [INFO] Updater:1056 - Updater Version found : 6.10.0
2025-04-30 10:17:42,116 [INFO] ApplicationProperties:184 - Using Application install path: C:\ST\STM32CubeIDE_1.14.0\STM32CubeIDE\plugins\com.st.stm32cube.common.mx_6.10.0.202311202037
2025-04-30 10:17:43,021 [INFO] ThirdPartyUpdaterWithRetryManager:70 - Updater plugin not ready yet. [2/15]
2025-04-30 10:17:43,046 [INFO] MainUpdater:2873 - connection check result : 10
2025-04-30 10:17:43,046 [INFO] MainUpdater:3567 - Updater definition file requires update
2025-04-30 10:17:43,046 [INFO] MainUpdater:290 - Updater Check For Update Now.
2025-04-30 10:17:43,046 [INFO] MicroXplorer:498 - Change Database Version : DB.6.0.100
2025-04-30 10:17:43,053 [INFO] McuFinderGlobals:63 - Set McuFinder mode to 2 (CubeIDE integrated)
2025-04-30 10:17:43,053 [INFO] UserAuth:180 - activating auth plugin
2025-04-30 10:17:43,053 [INFO] UserAuth:404 - Internet connection configuration mode: 1
2025-04-30 10:17:43,074 [INFO] JxBrowserEngine:152 - Initiate JxBrowser Engine with user profile folder
2025-04-30 10:17:43,293 [INFO] ServerAccessManage:473 - Download File updaters.zip
2025-04-30 10:17:43,500 [INFO] FileExtend:240 - Unzip File : updaters.zip
2025-04-30 10:17:43,500 [INFO] FileExtend:255 - Standard Zip Deflate
2025-04-30 10:17:44,005 [INFO] ServerAccessManage:473 - Download File PacksControlFlags.xml
2025-04-30 10:17:44,192 [INFO] ServerAccessManage:473 - Download File cubemx.pidx
2025-04-30 10:17:45,928 [INFO] ServerAccessManage:473 - Download File STMicroelectronics.X-CUBE-WB05N.pdsc
2025-04-30 10:17:46,022 [WARN] MainUpdater:1194 - Updater busy. Cannot search thirdparties
2025-04-30 10:17:46,022 [INFO] ThirdPartyUpdaterWithRetryManager:96 - Updater plugin is busy. [1/15]
2025-04-30 10:17:46,474 [WARN] PackLoader:240 - Cannot read IP mode file for STMicroelectronics.X-CUBE-WB05N.2.0.0
2025-04-30 10:17:46,489 [INFO] PopulateThirdPartyThread:66 - Ending populate Thread
2025-04-30 10:17:46,489 [INFO] ThirdParty:1030 - CMSIS Pack Vendor :STMicroelectronics X-CUBE-WB05N 2.0.0
2025-04-30 10:17:46,489 [INFO] LoadServerUpdatesThread:375 - End of LoadServerUpdate Thread
2025-04-30 10:17:46,646 [INFO] CheckServerUpdateThread:120 - End of CheckServer Thread
2025-04-30 10:17:48,319 [INFO] WebApp:161 - Instantiating new browser for Auth
2025-04-30 10:17:49,497 [WARN] PackLoader:240 - Cannot read IP mode file for STMicroelectronics.FP-SNS-MOTENVWB1.1.4.0
2025-04-30 10:17:49,507 [WARN] PackLoader:240 - Cannot read IP mode file for STMicroelectronics.FP-ATR-ASTRA1.2.0.2
2025-04-30 10:17:49,524 [WARN] PackLoader:240 - Cannot read IP mode file for STMicroelectronics.X-CUBE-SMBUS.2.1.0
2025-04-30 10:17:49,544 [WARN] PackLoader:240 - Cannot read IP mode file for STMicroelectronics.X-CUBE-WB05N.1.1.0
2025-04-30 10:17:49,553 [WARN] PackLoader:240 - Cannot read IP mode file for STMicroelectronics.X-CUBE-TOUCHGFX.4.23.0
2025-04-30 10:17:49,553 [WARN] PackLoader:240 - Cannot read IP mode file for STMicroelectronics.X-CUBE-TOUCHGFX.4.23.2
2025-04-30 10:17:49,626 [WARN] PackLoader:240 - Cannot read IP mode file for STMicroelectronics.X-CUBE-AZRTOS-F7.1.1.0
2025-04-30 10:17:49,644 [WARN] PackLoader:240 - Cannot read IP mode file for STMicroelectronics.FP-SNS-MOTENV1.4.3.2
2025-04-30 10:17:49,824 [WARN] PackLoader:240 - Cannot read IP mode file for STMicroelectronics.X-CUBE-MEMS1.11.0.0
2025-04-30 10:17:50,366 [WARN] PackLoader:240 - Cannot read IP mode file for STMicroelectronics.FP-SNS-FLIGHT1.5.0.2
2025-04-30 10:17:50,382 [WARN] PackLoader:240 - Cannot read IP mode file for STMicroelectronics.X-CUBE-DISPLAY.3.0.0
2025-04-30 10:17:50,406 [WARN] PackLoader:240 - Cannot read IP mode file for STMicroelectronics.X-CUBE-BLE1.7.0.0
2025-04-30 10:17:50,445 [WARN] PackLoader:240 - Cannot read IP mode file for STMicroelectronics.X-CUBE-NFC10.1.0.0
2025-04-30 10:17:50,498 [WARN] PackLoader:240 - Cannot read IP mode file for STMicroelectronics.X-CUBE-BLEMGR.4.0.0
2025-04-30 10:17:50,521 [WARN] PackLoader:240 - Cannot read IP mode file for emotas.I-CUBE-CANOPEN.1.3.0
2025-04-30 10:17:50,533 [WARN] ConditionMgr:438 - getConditionDescription Invalid condition id : Cortex-A Device cause : null
2025-04-30 10:17:50,557 [WARN] ConditionMgr:1039 - genDependencies : Invalid condition id : Cortex-A Device cause : null
2025-04-30 10:17:50,557 [WARN] ConditionMgr:1039 - genDependencies : Invalid condition id : Cortex-A Device cause : null
2025-04-30 10:17:50,559 [WARN] ConditionMgr:1039 - genDependencies : Invalid condition id : Cortex-A Device cause : null
2025-04-30 10:17:50,582 [WARN] PackLoader:240 - Cannot read IP mode file for STMicroelectronics.X-CUBE-BLEMGR.3.1.0
2025-04-30 10:17:50,592 [WARN] PackLoader:240 - Cannot read IP mode file for STMicroelectronics.X-CUBE-AI.10.0.0
2025-04-30 10:17:50,601 [WARN] PackLoader:240 - Cannot read IP mode file for STMicroelectronics.FP-SNS-SMARTAG2.1.2.0
2025-04-30 10:17:50,615 [ERROR] Engine:466 - C:\Users\jayka\.stm32cubemx\thirdparties\pdsc\STMicroelectronics.FP-SNS-FLIGHT1.5.1.0.pdsc: PDSC version is not supported
2025-04-30 10:17:50,663 [INFO] LogOutputStream:77 - [STDOUT_REDIRECT] 1 : Invalid condition id : UX_CORESTACK_Condition cause : null
2025-04-30 10:17:50,684 [INFO] LogOutputStream:77 - [STDOUT_REDIRECT] 1 : Invalid condition id : UX_CORESTACK_Condition cause : null
2025-04-30 10:17:50,687 [INFO] LogOutputStream:77 - [STDOUT_REDIRECT] 1 : Invalid condition id : UX_CORESTACK_Condition cause : null
2025-04-30 10:17:50,687 [INFO] LogOutputStream:77 - [STDOUT_REDIRECT] 1 : Invalid condition id : UX_CORESTACK_Condition cause : null
2025-04-30 10:17:50,687 [INFO] LogOutputStream:77 - [STDOUT_REDIRECT] 1 : Invalid condition id : UX_CORESTACK_Condition cause : null
2025-04-30 10:17:50,695 [WARN] PackLoader:240 - Cannot read IP mode file for STMicroelectronics.X-CUBE-AZRTOS-WL.2.0.0
2025-04-30 10:17:50,711 [WARN] PackLoader:240 - Cannot read IP mode file for STMicroelectronics.FP-SNS-MOTENV1.5.0.0
2025-04-30 10:17:50,730 [WARN] PackLoader:240 - Cannot read IP mode file for wolfSSL.I-CUBE-wolfMQTT.1.19.0
2025-04-30 10:17:50,743 [WARN] PackLoader:240 - Cannot read IP mode file for WES.I-CUBE-Cesium.1.3.0
2025-04-30 10:17:50,759 [WARN] PackLoader:240 - Cannot read IP mode file for STMicroelectronics.X-CUBE-BLE2.3.3.0
2025-04-30 10:17:50,776 [WARN] PackLoader:240 - Cannot read IP mode file for STMicroelectronics.X-CUBE-NFC9.1.0.0
2025-04-30 10:17:50,790 [WARN] PackLoader:240 - Cannot read IP mode file for STMicroelectronics.X-CUBE-BLE1.7.1.0
2025-04-30 10:17:50,805 [WARN] PackLoader:240 - Cannot read IP mode file for STMicroelectronics.X-CUBE-TCPP.4.1.0
2025-04-30 10:17:50,900 [WARN] PackLoader:240 - Cannot read IP mode file for STMicroelectronics.X-CUBE-ALGOBUILD.1.3.0
2025-04-30 10:17:51,232 [WARN] PackLoader:240 - Cannot read IP mode file for STMicroelectronics.X-CUBE-MEMS1.11.2.0
2025-04-30 10:17:51,973 [WARN] PackLoader:240 - Cannot read IP mode file for STMicroelectronics.X-CUBE-AZRTOS-G0.1.1.0
2025-04-30 10:17:51,988 [WARN] PackLoader:240 - Cannot read IP mode file for STMicroelectronics.X-CUBE-SAFEA1.1.2.2
2025-04-30 10:17:52,004 [WARN] PackLoader:240 - Cannot read IP mode file for STMicroelectronics.X-CUBE-NFC4.3.0.0
2025-04-30 10:17:52,050 [WARN] PackLoader:240 - Cannot read IP mode file for EmbeddedOffice.I-CUBE-FS-RTOS.1.0.1
2025-04-30 10:17:52,050 [ERROR] ConditionMgr:805 - Attr not supported : Dmpu
2025-04-30 10:17:52,050 [ERROR] ConditionMgr:805 - Attr not supported : Dmpu
2025-04-30 10:17:52,053 [ERROR] ConditionMgr:805 - Attr not supported : Dmpu
2025-04-30 10:17:52,054 [ERROR] ConditionMgr:805 - Attr not supported : Dmpu
2025-04-30 10:17:52,054 [ERROR] ConditionMgr:805 - Attr not supported : Dmpu
2025-04-30 10:17:52,054 [ERROR] ConditionMgr:805 - Attr not supported : Dmpu
2025-04-30 10:17:52,054 [ERROR] ConditionMgr:805 - Attr not supported : Dmpu
2025-04-30 10:17:52,054 [ERROR] ConditionMgr:805 - Attr not supported : Dmpu
2025-04-30 10:17:52,054 [ERROR] ConditionMgr:805 - Attr not supported : Dmpu
2025-04-30 10:17:52,057 [ERROR] ConditionMgr:805 - Attr not supported : Dmpu
2025-04-30 10:17:52,057 [ERROR] ConditionMgr:805 - Attr not supported : Dmpu
2025-04-30 10:17:52,057 [ERROR] ConditionMgr:805 - Attr not supported : Dmpu
2025-04-30 10:17:52,057 [ERROR] ConditionMgr:805 - Attr not supported : Dmpu
2025-04-30 10:17:52,057 [ERROR] ConditionMgr:805 - Attr not supported : Dmpu
2025-04-30 10:17:52,058 [ERROR] ConditionMgr:805 - Attr not supported : Dmpu
2025-04-30 10:17:52,058 [ERROR] ConditionMgr:805 - Attr not supported : Dmpu
2025-04-30 10:17:52,058 [ERROR] ConditionMgr:805 - Attr not supported : Dmpu
2025-04-30 10:17:52,058 [ERROR] ConditionMgr:805 - Attr not supported : Dmpu
2025-04-30 10:17:52,058 [ERROR] ConditionMgr:805 - Attr not supported : Dmpu
2025-04-30 10:17:52,058 [ERROR] ConditionMgr:805 - Attr not supported : Dmpu
2025-04-30 10:17:52,058 [ERROR] ConditionMgr:805 - Attr not supported : Dmpu
2025-04-30 10:17:52,058 [ERROR] ConditionMgr:805 - Attr not supported : Dmpu
2025-04-30 10:17:52,058 [ERROR] ConditionMgr:805 - Attr not supported : Dmpu
2025-04-30 10:17:52,058 [ERROR] ConditionMgr:805 - Attr not supported : Dmpu
2025-04-30 10:17:52,058 [ERROR] ConditionMgr:805 - Attr not supported : Dmpu
2025-04-30 10:17:52,058 [ERROR] ConditionMgr:805 - Attr not supported : Dmpu
2025-04-30 10:17:52,058 [ERROR] ConditionMgr:805 - Attr not supported : Dmpu
2025-04-30 10:17:52,058 [ERROR] ConditionMgr:805 - Attr not supported : Dmpu
2025-04-30 10:17:52,058 [ERROR] ConditionMgr:805 - Attr not supported : Dmpu
2025-04-30 10:17:52,058 [ERROR] ConditionMgr:805 - Attr not supported : Dmpu
2025-04-30 10:17:52,058 [ERROR] ConditionMgr:805 - Attr not supported : Dmpu
2025-04-30 10:17:52,058 [ERROR] ConditionMgr:805 - Attr not supported : Dmpu
2025-04-30 10:17:52,058 [ERROR] ConditionMgr:805 - Attr not supported : Dmpu
2025-04-30 10:17:52,058 [ERROR] ConditionMgr:805 - Attr not supported : Dmpu
2025-04-30 10:17:52,058 [ERROR] ConditionMgr:805 - Attr not supported : Dmpu
2025-04-30 10:17:52,058 [ERROR] ConditionMgr:805 - Attr not supported : Dmpu
2025-04-30 10:17:52,058 [ERROR] ConditionMgr:805 - Attr not supported : Dmpu
2025-04-30 10:17:52,060 [ERROR] ConditionMgr:805 - Attr not supported : Dmpu
2025-04-30 10:17:52,060 [ERROR] ConditionMgr:805 - Attr not supported : Dmpu
2025-04-30 10:17:52,060 [ERROR] ConditionMgr:805 - Attr not supported : Dmpu
2025-04-30 10:17:52,060 [ERROR] ConditionMgr:805 - Attr not supported : Dmpu
2025-04-30 10:17:52,060 [ERROR] ConditionMgr:805 - Attr not supported : Dmpu
2025-04-30 10:17:52,060 [ERROR] ConditionMgr:805 - Attr not supported : Dmpu
2025-04-30 10:17:52,060 [ERROR] ConditionMgr:805 - Attr not supported : Dmpu
2025-04-30 10:17:52,061 [ERROR] ConditionMgr:805 - Attr not supported : Dmpu
2025-04-30 10:17:52,061 [ERROR] ConditionMgr:805 - Attr not supported : Dmpu
2025-04-30 10:17:52,061 [ERROR] ConditionMgr:805 - Attr not supported : Dmpu
2025-04-30 10:17:52,061 [ERROR] ConditionMgr:805 - Attr not supported : Dmpu
2025-04-30 10:17:52,061 [ERROR] ConditionMgr:805 - Attr not supported : Dmpu
2025-04-30 10:17:52,061 [ERROR] ConditionMgr:805 - Attr not supported : Dmpu
2025-04-30 10:17:52,061 [ERROR] ConditionMgr:805 - Attr not supported : Dmpu
2025-04-30 10:17:52,061 [ERROR] ConditionMgr:805 - Attr not supported : Dmpu
2025-04-30 10:17:52,061 [ERROR] ConditionMgr:805 - Attr not supported : Dmpu
2025-04-30 10:17:52,062 [ERROR] ConditionMgr:805 - Attr not supported : Dmpu
2025-04-30 10:17:52,062 [ERROR] ConditionMgr:805 - Attr not supported : Dmpu
2025-04-30 10:17:52,062 [ERROR] ConditionMgr:805 - Attr not supported : Dmpu
2025-04-30 10:17:52,062 [ERROR] ConditionMgr:805 - Attr not supported : Dmpu
2025-04-30 10:17:52,062 [ERROR] ConditionMgr:805 - Attr not supported : Dmpu
2025-04-30 10:17:52,062 [ERROR] ConditionMgr:805 - Attr not supported : Dmpu
2025-04-30 10:17:52,062 [ERROR] ConditionMgr:805 - Attr not supported : Dmpu
2025-04-30 10:17:52,062 [ERROR] ConditionMgr:805 - Attr not supported : Dmpu
2025-04-30 10:17:52,062 [ERROR] ConditionMgr:805 - Attr not supported : Dmpu
2025-04-30 10:17:52,062 [ERROR] ConditionMgr:805 - Attr not supported : Dmpu
2025-04-30 10:17:52,062 [ERROR] ConditionMgr:805 - Attr not supported : Dmpu
2025-04-30 10:17:52,074 [WARN] PackLoader:240 - Cannot read IP mode file for STMicroelectronics.X-CUBE-WB05N.2.0.0
2025-04-30 10:17:52,080 [ERROR] Engine:466 - C:\Users\jayka\.stm32cubemx\thirdparties\pdsc\STMicroelectronics.X-CUBE-TCPP.4.2.0.pdsc: PDSC version is not supported
2025-04-30 10:17:52,087 [WARN] PackLoader:240 - Cannot read IP mode file for RealThread.X-CUBE-RT-Thread_Nano.4.1.1
2025-04-30 10:17:52,101 [WARN] PackLoader:240 - Cannot read IP mode file for STMicroelectronics.FP-ATR-SIGFOX1.3.2.0
2025-04-30 10:17:52,101 [WARN] PackLoader:240 - Cannot read IP mode file for STMicroelectronics.X-CUBE-EEPRMA1.5.1.0
2025-04-30 10:17:52,288 [WARN] PackLoader:240 - Cannot read IP mode file for SEGGER.I-CUBE-embOS.1.3.1
2025-04-30 10:17:52,485 [WARN] PackLoader:240 - Cannot read IP mode file for STMicroelectronics.X-CUBE-ALGOBUILD.1.4.0
2025-04-30 10:17:52,494 [WARN] PackLoader:240 - Cannot read IP mode file for STMicroelectronics.X-CUBE-GNSS1.6.0.0
2025-04-30 10:17:52,526 [WARN] PackLoader:240 - Cannot read IP mode file for STMicroelectronics.X-CUBE-AZRTOS-F4.1.1.0
2025-04-30 10:17:52,526 [ERROR] Engine:466 - C:\Users\jayka\.stm32cubemx\thirdparties\pdsc\Avnet-IotConnect.X-CUBE-IoTC-DA16k-PMOD.1.0.0.pdsc: PDSC version is not supported
2025-04-30 10:17:52,526 [WARN] PackLoader:240 - Cannot read IP mode file for STMicroelectronics.X-CUBE-ISPU.2.1.0
2025-04-30 10:17:52,541 [WARN] PackLoader:240 - Cannot read IP mode file for STMicroelectronics.X-CUBE-FREERTOS.1.2.0
2025-04-30 10:17:52,541 [WARN] PackLoader:240 - Cannot read IP mode file for wolfSSL.I-CUBE-wolfSSL.5.6.6
2025-04-30 10:17:52,557 [WARN] PackLoader:240 - Cannot read IP mode file for STMicroelectronics.X-CUBE-AZRTOS-L5.2.0.0
2025-04-30 10:17:52,580 [WARN] PackLoader:240 - Cannot read IP mode file for STMicroelectronics.X-CUBE-NFC6.3.1.0
2025-04-30 10:17:52,591 [WARN] PackLoader:240 - Cannot read IP mode file for ITTIA_DB.I-CUBE-ITTIADB.8.8.0
2025-04-30 10:17:52,595 [WARN] PackLoader:240 - Cannot read IP mode file for STMicroelectronics.X-CUBE-DPower.1.2.0
2025-04-30 10:17:52,605 [WARN] PackLoader:240 - Cannot read IP mode file for STMicroelectronics.X-CUBE-AI.9.0.0
2025-04-30 10:17:52,605 [WARN] PackLoader:240 - Cannot read IP mode file for STMicroelectronics.X-CUBE-FREERTOS.1.3.0
2025-04-30 10:17:52,605 [WARN] PackLoader:240 - Cannot read IP mode file for STMicroelectronics.X-CUBE-NFC7.1.0.1
2025-04-30 10:17:52,620 [WARN] PackLoader:240 - Cannot read IP mode file for wolfSSL.I-CUBE-wolfTPM.3.2.0
2025-04-30 10:17:52,620 [WARN] PackLoader:240 - Cannot read IP mode file for STMicroelectronics.X-CUBE-DPower.1.3.0
2025-04-30 10:17:52,620 [WARN] PackLoader:240 - Cannot read IP mode file for STMicroelectronics.X-CUBE-AI.8.1.0
2025-04-30 10:17:52,652 [WARN] ConditionMgr:438 - getConditionDescription Invalid condition id : LAN8742 Phy interface Condition cause : null
2025-04-30 10:17:52,652 [WARN] PackLoader:240 - Cannot read IP mode file for STMicroelectronics.X-CUBE-AZRTOS-L4.2.0.0
2025-04-30 10:17:52,652 [WARN] ConditionMgr:1039 - genDependencies : Invalid condition id : LAN8742 Phy interface Condition cause : null
2025-04-30 10:17:52,652 [WARN] ConditionMgr:1039 - genDependencies : Invalid condition id : LAN8742 Phy interface Condition cause : null
2025-04-30 10:17:52,652 [WARN] ConditionMgr:1039 - genDependencies : Invalid condition id : LAN8742 Phy interface Condition cause : null
2025-04-30 10:17:52,667 [WARN] PackLoader:240 - Cannot read IP mode file for STMicroelectronics.X-CUBE-SFXS2LP1.4.0.0
2025-04-30 10:17:52,730 [WARN] PackLoader:240 - Cannot read IP mode file for STMicroelectronics.X-CUBE-AZRTOS-H7.3.3.0
2025-04-30 10:17:52,762 [WARN] ConditionMgr:438 - getConditionDescription Invalid condition id : UX DEVICE CLASS RTOS Condition cause : null
2025-04-30 10:17:52,762 [WARN] ConditionMgr:438 - getConditionDescription Invalid condition id : UX DEVICE CLASS RTOS Condition cause : null
2025-04-30 10:17:52,765 [WARN] PackLoader:240 - Cannot read IP mode file for STMicroelectronics.X-CUBE-AZRTOS-WB.2.0.0
2025-04-30 10:17:52,765 [WARN] ConditionMgr:1039 - genDependencies : Invalid condition id : UX DEVICE CLASS RTOS Condition cause : null
2025-04-30 10:17:52,765 [WARN] ConditionMgr:1039 - genDependencies : Invalid condition id : UX DEVICE CLASS RTOS Condition cause : null
2025-04-30 10:17:52,768 [WARN] ConditionMgr:1039 - genDependencies : Invalid condition id : UX DEVICE CLASS RTOS Condition cause : null
2025-04-30 10:17:52,768 [WARN] ConditionMgr:1039 - genDependencies : Invalid condition id : UX DEVICE CLASS RTOS Condition cause : null
2025-04-30 10:17:52,768 [WARN] ConditionMgr:1039 - genDependencies : Invalid condition id : UX DEVICE CLASS RTOS Condition cause : null
2025-04-30 10:17:52,777 [WARN] PackLoader:240 - Cannot read IP mode file for STMicroelectronics.X-CUBE-GNSS1.7.0.1
2025-04-30 10:17:52,781 [WARN] PackLoader:240 - Cannot read IP mode file for STMicroelectronics.X-CUBE-TOUCHGFX.4.25.0
2025-04-30 10:17:52,785 [WARN] PackLoader:240 - Cannot read IP mode file for STMicroelectronics.FP-SNS-STBOX1.2.0.0
2025-04-30 10:17:52,793 [WARN] PackLoader:240 - Cannot read IP mode file for STMicroelectronics.X-CUBE-SUBG2.5.0.0
2025-04-30 10:17:52,841 [WARN] PackLoader:240 - Cannot read IP mode file for STMicroelectronics.X-CUBE-AZRTOS-H7RS.1.1.0
2025-04-30 10:17:52,841 [WARN] PackLoader:240 - Cannot read IP mode file for Cesanta.I-CUBE-Mongoose.7.13.0
2025-04-30 10:17:52,872 [WARN] PackLoader:240 - Cannot read IP mode file for STMicroelectronics.X-CUBE-AZRTOS-G4.2.0.0
2025-04-30 10:17:52,888 [WARN] PackLoader:240 - Cannot read IP mode file for Infineon.AIROC-Wi-Fi-Bluetooth-STM32.1.5.1
2025-04-30 10:17:52,888 [WARN] PackLoader:240 - Cannot read IP mode file for STMicroelectronics.FP-SNS-MOTENVWB1.1.3.1
2025-04-30 10:17:52,904 [WARN] PackLoader:240 - Cannot read IP mode file for STMicroelectronics.X-CUBE-ISPU.2.0.0
2025-04-30 10:17:52,913 [ERROR] Engine:466 - C:\Users\jayka\.stm32cubemx\thirdparties\pdsc\STMicroelectronics.X-CUBE-IPS.3.1.0.pdsc: PDSC version is not supported
2025-04-30 10:17:52,919 [WARN] PackLoader:240 - Cannot read IP mode file for STMicroelectronics.X-CUBE-ALS.1.0.2
2025-04-30 10:17:52,967 [WARN] PackLoader:240 - Cannot read IP mode file for STMicroelectronics.X-CUBE-MEMS1.10.0.0
2025-04-30 10:17:53,171 [WARN] PackLoader:240 - Cannot read IP mode file for STMicroelectronics.X-CUBE-FREERTOS.1.1.0
2025-04-30 10:17:53,187 [WARN] PackLoader:240 - Cannot read IP mode file for STMicroelectronics.X-CUBE-TOUCHGFX.4.24.0
2025-04-30 10:17:53,187 [WARN] PackLoader:240 - Cannot read IP mode file for portGmbH.I-Cube-SoM-uGOAL.1.1.0
2025-04-30 10:17:53,260 [WARN] PackLoader:240 - Cannot read IP mode file for STMicroelectronics.X-CUBE-ALS.1.0.1
2025-04-30 10:17:53,286 [WARN] PackLoader:240 - Cannot read IP mode file for STMicroelectronics.X-CUBE-AZRTOS-H7RS.1.0.0
2025-04-30 10:17:53,294 [WARN] PackLoader:240 - Cannot read IP mode file for STMicroelectronics.FP-ATR-ASTRA1.2.0.0
2025-04-30 10:17:53,312 [WARN] PackLoader:240 - Cannot read IP mode file for STMicroelectronics.X-CUBE-TOF1.3.4.2
2025-04-30 10:17:53,326 [ERROR] Engine:466 - C:\Users\jayka\.stm32cubemx\thirdparties\pdsc\STMicroelectronics.X-CUBE-TOF1.3.4.3.pdsc: PDSC version is not supported
2025-04-30 10:17:53,341 [WARN] PackLoader:240 - Cannot read IP mode file for STMicroelectronics.X-CUBE-TOF1.3.4.1
2025-04-30 10:17:53,394 [WARN] PackLoader:240 - Cannot read IP mode file for STMicroelectronics.X-CUBE-AZRTOS-H7.3.2.0
2025-04-30 10:17:53,394 [WARN] PackLoader:240 - Cannot read IP mode file for wolfSSL.I-CUBE-wolfSSH.1.4.17
2025-04-30 10:17:53,394 [INFO] ThirdParty:978 - Integrity check success = true
2025-04-30 10:17:53,404 [INFO] IntegrityCheckThread:100 - exiting critical section [integrity check]
2025-04-30 10:17:53,404 [INFO] IntegrityCheckThread:103 - End integrity checks thread
2025-04-30 10:17:53,904 [INFO] WebApp:780 - Register for checkConnection events
2025-04-30 10:17:53,904 [INFO] WebApp:414 - Apply proxy settings
2025-04-30 10:17:53,909 [INFO] WebApp:499 - Chromium requires no authentication
2025-04-30 10:17:53,926 [INFO] WebApp:442 - Direct internet connection detected
2025-04-30 10:17:54,402 [INFO] WebApp:192 - Starting web application
2025-04-30 10:17:54,404 [INFO] WebApp:544 - Web application path used C:\ST\STM32CubeIDE_1.14.0\STM32CubeIDE\plugins\com.st.stm32cube.common.mx_6.10.0.202311202037\db\plugins\mcufinder\reactClient1\index.html
2025-04-30 10:18:16,304 [ERROR] LogOutputStream:75 - [STDERR_REDIRECT] SLF4J: Failed to load class "org.slf4j.impl.StaticLoggerBinder".
2025-04-30 10:18:16,307 [ERROR] LogOutputStream:75 - [STDERR_REDIRECT] SLF4J: Defaulting to no-operation (NOP) logger implementation
2025-04-30 10:18:16,309 [ERROR] LogOutputStream:75 - [STDERR_REDIRECT] SLF4J: See http://www.slf4j.org/codes.html#StaticLoggerBinder for further details.
2025-04-30 10:21:08,972 [INFO] McuFinderGlobals:63 - Set McuFinder mode to 2 (CubeIDE integrated)
2025-04-30 10:21:09,027 [INFO] MainUpdater:2873 - connection check result : 10
2025-04-30 10:21:09,047 [INFO] McuFinderGlobals:76 - Set McuFinderConnectedMode to true
2025-04-30 10:21:09,637 [INFO] ServerAccessManage:473 - Download File mcusAds.json._tmp_
2025-04-30 10:21:09,752 [INFO] LoadUrlFilesThread:156 - End of LoadUrlFiles Thread
2025-04-30 10:21:10,039 [INFO] ServerAccessManage:473 - Download File cube-finder-db.zip
2025-04-30 10:21:11,339 [ERROR] ServerAccessManage:651 - User Cancel Download : cube-finder-db.zip.
2025-04-30 10:21:11,441 [INFO] LoadUrlFilesThread:156 - End of LoadUrlFiles Thread
2025-04-30 10:21:12,283 [INFO] DbMcusAds:53 - JSON generation date=Thu Mar 06 20:24:22 IST 2025 (1741272862078)
2025-04-30 10:21:12,389 [ERROR] TargetSelectorAdapter:267 - Unable to refresh data
2025-04-30 10:21:13,226 [INFO] ApiDb:581 - Connected to CubeFinder SQLite database (C:\Users\jayka\.stmcufinder\plugins\mcufinder\mcu\cube-finder-db.db)
2025-04-30 10:21:13,629 [INFO] ApiDb:668 - CubeFinder database Data Model version=2.1
2025-04-30 10:21:13,629 [INFO] ApiDb:669 - CubeFinder database Configuration version=3.0.39
2025-04-30 10:21:13,629 [INFO] ApiDb:670 - CubeFinder database generation date=2024-06-20 (1718880634)
2025-04-30 10:21:13,629 [INFO] ApiDb:671 - CubeFinder database FW Pack versions=[FP-ATR-ASTRA1_V2.0.0, FP-SNS-FLIGHT1_V5.0.2, FP-SNS-MOTENV1_V5.0.0, FP-SNS-MOTENVWB1_V1.4.0, FP-SNS-SMARTAG2_V1.2.0, STM32Cube_FW_C0_V1.2.0, STM32Cube_FW_F4_V1.28.0, STM32Cube_FW_F7_V1.17.2, STM32Cube_FW_G0_V1.6.2, STM32Cube_FW_G4_V1.6.0, STM32Cube_FW_H5_V1.3.0, STM32Cube_FW_H7RS_V1.1.0, STM32Cube_FW_H7_V1.11.2, STM32Cube_FW_L0_V1.12.2, STM32Cube_FW_L5_V1.5.1, STM32Cube_FW_U0_V1.1.0, STM32Cube_FW_U5_V1.6.0, STM32Cube_FW_WB0_V1.0.0, STM32Cube_FW_WBA_V1.4.0, STM32Cube_FW_WB_V1.20.0, STM32Cube_FW_WL_V1.3.0, X-CUBE-ALGOBUILD_V1.4.0, X-CUBE-ALS_V1.0.2, X-CUBE-AZRTOS-F4_V1.1.0, X-CUBE-AZRTOS-F7_V1.1.0, X-CUBE-AZRTOS-G0_V1.1.0, X-CUBE-AZRTOS-G4_V2.0.0, X-CUBE-AZRTOS-H7RS_V1.0.0, X-CUBE-AZRTOS-H7_V3.2.0, X-CUBE-AZRTOS-L4_V2.0.0, X-CUBE-AZRTOS-L5_V1.1.0, X-CUBE-AZRTOS-WB_V2.0.0, X-CUBE-AZRTOS-WL_V2.0.0, X-CUBE-BLE1_V7.0.0, X-CUBE-BLE2_V3.3.0, X-CUBE-BLEMGR_V3.1.0, X-CUBE-EEPRMA1_V5.1.0, X-CUBE-FREERTOS_V1.2.0, X-CUBE-GNSS1_V6.0.0, X-CUBE-MEMS1_V10.0.0, X-CUBE-NFC4_V3.0.0, X-CUBE-NFC7_V1.0.1, X-CUBE-SFXS2LP1_V4.0.0, X-CUBE-SUBG2_V5.0.0, X-CUBE-TOF1_V3.4.1]
2025-04-30 10:21:13,831 [INFO] DbBoardsSqlite:226 - include board P-NUCLEO-WB55-NUCLEO as a kit item of type 'Nucleo-64'
2025-04-30 10:21:13,835 [INFO] DbBoardsSqlite:226 - include board P-NUCLEO-WB55-USBDONGLE as a kit item of type 'Nucleo USB Dongle'
2025-04-30 10:21:13,837 [INFO] DbBoardsSqlite:226 - include board STEVAL-IDP005V1 as a kit item of type 'Evaluation Board'
2025-04-30 10:21:13,837 [INFO] DbBoardsSqlite:226 - include board STEVAL-IDP005V2 as a kit item of type 'Evaluation Board'
2025-04-30 10:21:14,350 [INFO] ApiDb:240 - Found 371 in-development CPN: [B-G473E-ZEST1S, B-WB1M-WPAN1, B-WL5M-SUBG1, NUCLEO-C031C6, NUCLEO-H503RB, NUCLEO-H563ZI, NUCLEO-U545RE-Q, NUCLEO-U5A5ZJ-Q, NUCLEO-WBA52CG, NUCLEO-WBA55CG, STEVAL-MKBOXPRO, STEVAL-PROTEUS1, STEVAL-STWINBX1, STM320518-EVAL, STM32C0116-DK, STM32C011D6Y3TR, STM32C011D6Y6TR, STM32C011F4P3, STM32C011F4P6, STM32C011F4U3, STM32C011F4U6TR, STM32C011F6P3, STM32C011F6P6, STM32C011F6U3, STM32C011F6U6TR, STM32C011J4M3, STM32C011J4M6, STM32C011J6M3, STM32C011J6M6, STM32C0316-DK, STM32C031C4T3, STM32C031C4T6, STM32C031C4U3, STM32C031C4U6, STM32C031C6T3, STM32C031C6T6, STM32C031C6U3, STM32C031C6U6, STM32C031F4P3, STM32C031F4P6, STM32C031F6P3, STM32C031F6P6, STM32C031G4U3, STM32C031G4U6, STM32C031G6U3, STM32C031G6U6, STM32C031K4T3, STM32C031K4T6, STM32C031K4U3, STM32C031K4U6, STM32C031K6T3, STM32C031K6T6, STM32C031K6U3, STM32C031K6U6, STM32G071K8TXN, STM32G071K8UXN, STM32G081GBU6N, STM32G081KBT6N, STM32G081KBUXN, STM32G0B1CCT6N, STM32G0B1KCT6, STM32G0B1NEY6TR, STM32G0B1RCT6N, STM32G0C1CCT6, STM32G0C1CCT6N, STM32G0C1CCU6N, STM32G0C1CET6N, STM32G0C1CEU6N, STM32G0C1KCT6, STM32G0C1NEY6TR, STM32G0C1RCI6N, STM32G0C1RCT6N, STM32G0C1REI6N, STM32G0C1RET6N, STM32G0C1VCI6, STM32G0C1VEI6, STM32G471CCT6, STM32G471CCU6, STM32G471CET3, STM32G471CET6, STM32G471CEU3, STM32G471CEU6, STM32G471MCT6, STM32G471MET3, STM32G471MET6, STM32G471MEY6TR, STM32G471QCT6, STM32G471QET3, STM32G471RCT6, STM32G471RET3, STM32G471RET6, STM32G471VCH6, STM32G471VCI6, STM32G471VCT6, STM32G471VEH3, STM32G471VEH6, STM32G471VEI3, STM32G471VEI6, STM32G471VET3, STM32G471VET6, STM32G474CCT6, STM32H503CBT6, STM32H503CBU6, STM32H503EBY6TR, STM32H503KBU6, STM32H503RBT6, STM32H562AGI6, STM32H562AII6, STM32H562IGK6, STM32H562IGT6, STM32H562IIK6, STM32H562IIT6, STM32H562RGT6, STM32H562RGV6, STM32H562RIT6, STM32H562RIV6, STM32H562VGT6, STM32H562VIT6, STM32H562ZGT6, STM32H562ZIT6, STM32H563AGI6, STM32H563AII3Q, STM32H563AII6, STM32H563IGK6, STM32H563IGT6, STM32H563IIK3Q, STM32H563IIK6, STM32H563IIT3Q, STM32H563IIT6, STM32H563MIY3QTR, STM32H563RGT6, STM32H563RGV6, STM32H563RIT6, STM32H563RIV6, STM32H563VGT6, STM32H563VIT3Q, STM32H563VIT6, STM32H563ZGT6, STM32H563ZIT3Q, STM32H563ZIT6, STM32H573AII3Q, STM32H573AII6, STM32H573I-DK, STM32H573IIK3Q, STM32H573IIK6, STM32H573IIT3Q, STM32H573IIT6, STM32H573MIY3QTR, STM32H573RIT6, STM32H573RIV6, STM32H573VIT3Q, STM32H573VIT6, STM32H573ZIT3Q, STM32H573ZIT6, STM32L4R5QGI6STR, STM32MP131AAE3, STM32MP131AAF3, STM32MP131AAG3, STM32MP131CAE3, STM32MP131CAF3, STM32MP131CAG3, STM32MP131DAE7, STM32MP131DAF7, STM32MP131DAG7, STM32MP131FAE7, STM32MP131FAF7, STM32MP131FAG7, STM32MP133AAE3, STM32MP133AAF3, STM32MP133AAG3, STM32MP133CAE3, STM32MP133CAF3, STM32MP133CAG3, STM32MP133DAE7, STM32MP133DAF7, STM32MP133DAG7, STM32MP133FAE7, STM32MP133FAF7, STM32MP133FAG7, STM32MP135AAE3, STM32MP135AAF3, STM32MP135AAG3, STM32MP135CAE3, STM32MP135CAF3, STM32MP135CAG3, STM32MP135DAE7, STM32MP135DAF7, STM32MP135DAG7, STM32MP135F-DK, STM32MP135FAE7, STM32MP135FAF7, STM32MP135FAF7T, STM32MP135FAF7U, STM32MP135FAG7, STM32U535CBT6, STM32U535CBT6Q, STM32U535CBU6, STM32U535CBU6Q, STM32U535CCT6, STM32U535CCT6Q, STM32U535CCU6, STM32U535CCU6Q, STM32U535CET6, STM32U535CET6Q, STM32U535CEU6, STM32U535CEU6Q, STM32U535JEY6QTR, STM32U535NCY6QTR, STM32U535NEY6QTR, STM32U535RBI6, STM32U535RBI6Q, STM32U535RBT6, STM32U535RBT6Q, STM32U535RCI6, STM32U535RCI6Q, STM32U535RCT6, STM32U535RCT6Q, STM32U535REI6, STM32U535REI6Q, STM32U535RET6, STM32U535RET6Q, STM32U535VCI6, STM32U535VCI6Q, STM32U535VCT6, STM32U535VCT6Q, STM32U535VEI6, STM32U535VEI6Q, STM32U535VET6, STM32U535VET6Q, STM32U545CET6, STM32U545CET6Q, STM32U545CEU6, STM32U545CEU6Q, STM32U545JEY6QTR, STM32U545NEY6QTR, STM32U545REI6, STM32U545REI6Q, STM32U545RET6, STM32U545RET6Q, STM32U545VEI6, STM32U545VEI6Q, STM32U545VET6, STM32U545VET6Q, STM32U595AIH6, STM32U595AIH6Q, STM32U595AJH6, STM32U595AJH6Q, STM32U595QII6, STM32U595QII6Q, STM32U595QJI6, STM32U595QJI6Q, STM32U595RIT6, STM32U595RIT6Q, STM32U595RJT6, STM32U595RJT6Q, STM32U595VIT6, STM32U595VIT6Q, STM32U595VJT6, STM32U595VJT6Q, STM32U595ZIT6, STM32U595ZIT6Q, STM32U595ZIY6QTR, STM32U595ZJT6, STM32U595ZJT6Q, STM32U595ZJY6QTR, STM32U599BJY6QTR, STM32U599NIH6Q, STM32U599NJH6Q, STM32U599VIT6Q, STM32U599VJT6, STM32U599VJT6Q, STM32U599ZIT6Q, STM32U599ZIY6QTR, STM32U599ZJT6Q, STM32U599ZJY6QTR, STM32U5A5AJH6, STM32U5A5AJH6Q, STM32U5A5QJI6, STM32U5A5QJI6Q, STM32U5A5RJT6, STM32U5A5RJT6Q, STM32U5A5VJT6, STM32U5A5VJT6Q, STM32U5A5ZJT6, STM32U5A5ZJT6Q, STM32U5A5ZJY6QTR, STM32U5A9BJY6QTR, STM32U5A9J-DK, STM32U5A9NJH6Q, STM32U5A9VJT6Q, STM32U5A9ZJT6Q, STM32U5A9ZJY6QTR, STM32U5F7VIT6, STM32U5F7VIT6Q, STM32U5F7VJT6, STM32U5F7VJT6Q, STM32U5F9BJY6QTR, STM32U5F9NJH6Q, STM32U5F9VIT6Q, STM32U5F9VJT6Q, STM32U5F9ZIJ6QTR, STM32U5F9ZIT6Q, STM32U5F9ZJJ6QTR, STM32U5F9ZJT6Q, STM32U5G7VJT6, STM32U5G7VJT6Q, STM32U5G9BJY6QTR, STM32U5G9J-DK1, STM32U5G9J-DK2, STM32U5G9NJH6Q, STM32U5G9VJT6Q, STM32U5G9ZJJ6QTR, STM32U5G9ZJT6Q, STM32WB1MMCH6, STM32WBA50KEU6, STM32WBA50KEU6TR, STM32WBA50KGU6, STM32WBA50KGU6TR, STM32WBA52CEU6, STM32WBA52CEU6TR, STM32WBA52CEU7, STM32WBA52CEU7TR, STM32WBA52CGU6, STM32WBA52CGU6TR, STM32WBA52CGU6U, STM32WBA52CGU7, STM32WBA52CGU7TR, STM32WBA52KEU6, STM32WBA52KEU6TR, STM32WBA52KGU6, STM32WBA52KGU6TR, STM32WBA54CEU6, STM32WBA54CEU6TR, STM32WBA54CEU7, STM32WBA54CEU7TR, STM32WBA54CGU6, STM32WBA54CGU6TR, STM32WBA54CGU7, STM32WBA54CGU7TR, STM32WBA54KEU6, STM32WBA54KEU6TR, STM32WBA54KEU7, STM32WBA54KEU7TR, STM32WBA54KGU6, STM32WBA54KGU6TR, STM32WBA54KGU7, STM32WBA54KGU7TR, STM32WBA55CEU6, STM32WBA55CEU6TR, STM32WBA55CEU7, STM32WBA55CEU7TR, STM32WBA55CGU6, STM32WBA55CGU6TR, STM32WBA55CGU6U, STM32WBA55CGU7, STM32WBA55CGU7TR, STM32WBA55G-DK1, STM32WBA55HEF6, STM32WBA55HEF7, STM32WBA55HGF6, STM32WBA55HGF7, STM32WBA55UEI6, STM32WBA55UEI6TR, STM32WBA55UEI7, STM32WBA55UEI7TR, STM32WBA55UGI6, STM32WBA55UGI6TR, STM32WBA55UGI7, STM32WBA55UGI7TR, STM32WL5MOCH6, STM32WL5MOCH6TR]
2025-04-30 10:21:14,373 [INFO] ApiDb:668 - CubeFinder database Data Model version=2.1
2025-04-30 10:21:14,373 [INFO] ApiDb:669 - CubeFinder database Configuration version=3.0.39
2025-04-30 10:21:14,373 [INFO] ApiDb:670 - CubeFinder database generation date=2024-06-20 (1718880634)
2025-04-30 10:21:14,373 [INFO] ApiDb:671 - CubeFinder database FW Pack versions=[FP-ATR-ASTRA1_V2.0.0, FP-SNS-FLIGHT1_V5.0.2, FP-SNS-MOTENV1_V5.0.0, FP-SNS-MOTENVWB1_V1.4.0, FP-SNS-SMARTAG2_V1.2.0, STM32Cube_FW_C0_V1.2.0, STM32Cube_FW_F4_V1.28.0, STM32Cube_FW_F7_V1.17.2, STM32Cube_FW_G0_V1.6.2, STM32Cube_FW_G4_V1.6.0, STM32Cube_FW_H5_V1.3.0, STM32Cube_FW_H7RS_V1.1.0, STM32Cube_FW_H7_V1.11.2, STM32Cube_FW_L0_V1.12.2, STM32Cube_FW_L5_V1.5.1, STM32Cube_FW_U0_V1.1.0, STM32Cube_FW_U5_V1.6.0, STM32Cube_FW_WB0_V1.0.0, STM32Cube_FW_WBA_V1.4.0, STM32Cube_FW_WB_V1.20.0, STM32Cube_FW_WL_V1.3.0, X-CUBE-ALGOBUILD_V1.4.0, X-CUBE-ALS_V1.0.2, X-CUBE-AZRTOS-F4_V1.1.0, X-CUBE-AZRTOS-F7_V1.1.0, X-CUBE-AZRTOS-G0_V1.1.0, X-CUBE-AZRTOS-G4_V2.0.0, X-CUBE-AZRTOS-H7RS_V1.0.0, X-CUBE-AZRTOS-H7_V3.2.0, X-CUBE-AZRTOS-L4_V2.0.0, X-CUBE-AZRTOS-L5_V1.1.0, X-CUBE-AZRTOS-WB_V2.0.0, X-CUBE-AZRTOS-WL_V2.0.0, X-CUBE-BLE1_V7.0.0, X-CUBE-BLE2_V3.3.0, X-CUBE-BLEMGR_V3.1.0, X-CUBE-EEPRMA1_V5.1.0, X-CUBE-FREERTOS_V1.2.0, X-CUBE-GNSS1_V6.0.0, X-CUBE-MEMS1_V10.0.0, X-CUBE-NFC4_V3.0.0, X-CUBE-NFC7_V1.0.1, X-CUBE-SFXS2LP1_V4.0.0, X-CUBE-SUBG2_V5.0.0, X-CUBE-TOF1_V3.4.1]
2025-04-30 10:21:17,403 [INFO] ApiDb:240 - Found 371 in-development CPN: [B-G473E-ZEST1S, B-WB1M-WPAN1, B-WL5M-SUBG1, NUCLEO-C031C6, NUCLEO-H503RB, NUCLEO-H563ZI, NUCLEO-U545RE-Q, NUCLEO-U5A5ZJ-Q, NUCLEO-WBA52CG, NUCLEO-WBA55CG, STEVAL-MKBOXPRO, STEVAL-PROTEUS1, STEVAL-STWINBX1, STM320518-EVAL, STM32C0116-DK, STM32C011D6Y3TR, STM32C011D6Y6TR, STM32C011F4P3, STM32C011F4P6, STM32C011F4U3, STM32C011F4U6TR, STM32C011F6P3, STM32C011F6P6, STM32C011F6U3, STM32C011F6U6TR, STM32C011J4M3, STM32C011J4M6, STM32C011J6M3, STM32C011J6M6, STM32C0316-DK, STM32C031C4T3, STM32C031C4T6, STM32C031C4U3, STM32C031C4U6, STM32C031C6T3, STM32C031C6T6, STM32C031C6U3, STM32C031C6U6, STM32C031F4P3, STM32C031F4P6, STM32C031F6P3, STM32C031F6P6, STM32C031G4U3, STM32C031G4U6, STM32C031G6U3, STM32C031G6U6, STM32C031K4T3, STM32C031K4T6, STM32C031K4U3, STM32C031K4U6, STM32C031K6T3, STM32C031K6T6, STM32C031K6U3, STM32C031K6U6, STM32G071K8TXN, STM32G071K8UXN, STM32G081GBU6N, STM32G081KBT6N, STM32G081KBUXN, STM32G0B1CCT6N, STM32G0B1KCT6, STM32G0B1NEY6TR, STM32G0B1RCT6N, STM32G0C1CCT6, STM32G0C1CCT6N, STM32G0C1CCU6N, STM32G0C1CET6N, STM32G0C1CEU6N, STM32G0C1KCT6, STM32G0C1NEY6TR, STM32G0C1RCI6N, STM32G0C1RCT6N, STM32G0C1REI6N, STM32G0C1RET6N, STM32G0C1VCI6, STM32G0C1VEI6, STM32G471CCT6, STM32G471CCU6, STM32G471CET3, STM32G471CET6, STM32G471CEU3, STM32G471CEU6, STM32G471MCT6, STM32G471MET3, STM32G471MET6, STM32G471MEY6TR, STM32G471QCT6, STM32G471QET3, STM32G471RCT6, STM32G471RET3, STM32G471RET6, STM32G471VCH6, STM32G471VCI6, STM32G471VCT6, STM32G471VEH3, STM32G471VEH6, STM32G471VEI3, STM32G471VEI6, STM32G471VET3, STM32G471VET6, STM32G474CCT6, STM32H503CBT6, STM32H503CBU6, STM32H503EBY6TR, STM32H503KBU6, STM32H503RBT6, STM32H562AGI6, STM32H562AII6, STM32H562IGK6, STM32H562IGT6, STM32H562IIK6, STM32H562IIT6, STM32H562RGT6, STM32H562RGV6, STM32H562RIT6, STM32H562RIV6, STM32H562VGT6, STM32H562VIT6, STM32H562ZGT6, STM32H562ZIT6, STM32H563AGI6, STM32H563AII3Q, STM32H563AII6, STM32H563IGK6, STM32H563IGT6, STM32H563IIK3Q, STM32H563IIK6, STM32H563IIT3Q, STM32H563IIT6, STM32H563MIY3QTR, STM32H563RGT6, STM32H563RGV6, STM32H563RIT6, STM32H563RIV6, STM32H563VGT6, STM32H563VIT3Q, STM32H563VIT6, STM32H563ZGT6, STM32H563ZIT3Q, STM32H563ZIT6, STM32H573AII3Q, STM32H573AII6, STM32H573I-DK, STM32H573IIK3Q, STM32H573IIK6, STM32H573IIT3Q, STM32H573IIT6, STM32H573MIY3QTR, STM32H573RIT6, STM32H573RIV6, STM32H573VIT3Q, STM32H573VIT6, STM32H573ZIT3Q, STM32H573ZIT6, STM32L4R5QGI6STR, STM32MP131AAE3, STM32MP131AAF3, STM32MP131AAG3, STM32MP131CAE3, STM32MP131CAF3, STM32MP131CAG3, STM32MP131DAE7, STM32MP131DAF7, STM32MP131DAG7, STM32MP131FAE7, STM32MP131FAF7, STM32MP131FAG7, STM32MP133AAE3, STM32MP133AAF3, STM32MP133AAG3, STM32MP133CAE3, STM32MP133CAF3, STM32MP133CAG3, STM32MP133DAE7, STM32MP133DAF7, STM32MP133DAG7, STM32MP133FAE7, STM32MP133FAF7, STM32MP133FAG7, STM32MP135AAE3, STM32MP135AAF3, STM32MP135AAG3, STM32MP135CAE3, STM32MP135CAF3, STM32MP135CAG3, STM32MP135DAE7, STM32MP135DAF7, STM32MP135DAG7, STM32MP135F-DK, STM32MP135FAE7, STM32MP135FAF7, STM32MP135FAF7T, STM32MP135FAF7U, STM32MP135FAG7, STM32U535CBT6, STM32U535CBT6Q, STM32U535CBU6, STM32U535CBU6Q, STM32U535CCT6, STM32U535CCT6Q, STM32U535CCU6, STM32U535CCU6Q, STM32U535CET6, STM32U535CET6Q, STM32U535CEU6, STM32U535CEU6Q, STM32U535JEY6QTR, STM32U535NCY6QTR, STM32U535NEY6QTR, STM32U535RBI6, STM32U535RBI6Q, STM32U535RBT6, STM32U535RBT6Q, STM32U535RCI6, STM32U535RCI6Q, STM32U535RCT6, STM32U535RCT6Q, STM32U535REI6, STM32U535REI6Q, STM32U535RET6, STM32U535RET6Q, STM32U535VCI6, STM32U535VCI6Q, STM32U535VCT6, STM32U535VCT6Q, STM32U535VEI6, STM32U535VEI6Q, STM32U535VET6, STM32U535VET6Q, STM32U545CET6, STM32U545CET6Q, STM32U545CEU6, STM32U545CEU6Q, STM32U545JEY6QTR, STM32U545NEY6QTR, STM32U545REI6, STM32U545REI6Q, STM32U545RET6, STM32U545RET6Q, STM32U545VEI6, STM32U545VEI6Q, STM32U545VET6, STM32U545VET6Q, STM32U595AIH6, STM32U595AIH6Q, STM32U595AJH6, STM32U595AJH6Q, STM32U595QII6, STM32U595QII6Q, STM32U595QJI6, STM32U595QJI6Q, STM32U595RIT6, STM32U595RIT6Q, STM32U595RJT6, STM32U595RJT6Q, STM32U595VIT6, STM32U595VIT6Q, STM32U595VJT6, STM32U595VJT6Q, STM32U595ZIT6, STM32U595ZIT6Q, STM32U595ZIY6QTR, STM32U595ZJT6, STM32U595ZJT6Q, STM32U595ZJY6QTR, STM32U599BJY6QTR, STM32U599NIH6Q, STM32U599NJH6Q, STM32U599VIT6Q, STM32U599VJT6, STM32U599VJT6Q, STM32U599ZIT6Q, STM32U599ZIY6QTR, STM32U599ZJT6Q, STM32U599ZJY6QTR, STM32U5A5AJH6, STM32U5A5AJH6Q, STM32U5A5QJI6, STM32U5A5QJI6Q, STM32U5A5RJT6, STM32U5A5RJT6Q, STM32U5A5VJT6, STM32U5A5VJT6Q, STM32U5A5ZJT6, STM32U5A5ZJT6Q, STM32U5A5ZJY6QTR, STM32U5A9BJY6QTR, STM32U5A9J-DK, STM32U5A9NJH6Q, STM32U5A9VJT6Q, STM32U5A9ZJT6Q, STM32U5A9ZJY6QTR, STM32U5F7VIT6, STM32U5F7VIT6Q, STM32U5F7VJT6, STM32U5F7VJT6Q, STM32U5F9BJY6QTR, STM32U5F9NJH6Q, STM32U5F9VIT6Q, STM32U5F9VJT6Q, STM32U5F9ZIJ6QTR, STM32U5F9ZIT6Q, STM32U5F9ZJJ6QTR, STM32U5F9ZJT6Q, STM32U5G7VJT6, STM32U5G7VJT6Q, STM32U5G9BJY6QTR, STM32U5G9J-DK1, STM32U5G9J-DK2, STM32U5G9NJH6Q, STM32U5G9VJT6Q, STM32U5G9ZJJ6QTR, STM32U5G9ZJT6Q, STM32WB1MMCH6, STM32WBA50KEU6, STM32WBA50KEU6TR, STM32WBA50KGU6, STM32WBA50KGU6TR, STM32WBA52CEU6, STM32WBA52CEU6TR, STM32WBA52CEU7, STM32WBA52CEU7TR, STM32WBA52CGU6, STM32WBA52CGU6TR, STM32WBA52CGU6U, STM32WBA52CGU7, STM32WBA52CGU7TR, STM32WBA52KEU6, STM32WBA52KEU6TR, STM32WBA52KGU6, STM32WBA52KGU6TR, STM32WBA54CEU6, STM32WBA54CEU6TR, STM32WBA54CEU7, STM32WBA54CEU7TR, STM32WBA54CGU6, STM32WBA54CGU6TR, STM32WBA54CGU7, STM32WBA54CGU7TR, STM32WBA54KEU6, STM32WBA54KEU6TR, STM32WBA54KEU7, STM32WBA54KEU7TR, STM32WBA54KGU6, STM32WBA54KGU6TR, STM32WBA54KGU7, STM32WBA54KGU7TR, STM32WBA55CEU6, STM32WBA55CEU6TR, STM32WBA55CEU7, STM32WBA55CEU7TR, STM32WBA55CGU6, STM32WBA55CGU6TR, STM32WBA55CGU6U, STM32WBA55CGU7, STM32WBA55CGU7TR, STM32WBA55G-DK1, STM32WBA55HEF6, STM32WBA55HEF7, STM32WBA55HGF6, STM32WBA55HGF7, STM32WBA55UEI6, STM32WBA55UEI6TR, STM32WBA55UEI7, STM32WBA55UEI7TR, STM32WBA55UGI6, STM32WBA55UGI6TR, STM32WBA55UGI7, STM32WBA55UGI7TR, STM32WL5MOCH6, STM32WL5MOCH6TR]
2025-04-30 10:21:17,411 [INFO] DbMcus:218 - Found 4203 MCUs, 4203 are supported
2025-04-30 10:21:17,413 [INFO] ApiDb:423 - Load user favorites file C:\Users\jayka/.stm32cubeide/favorites.mcus.txt: 0 item(s)
2025-04-30 10:21:17,413 [INFO] ApiDb:427 - User favorites MCUs=[]
2025-04-30 10:21:17,414 [INFO] DbMcus:224 - Set 0 / 0 favorites MCUs
2025-04-30 10:21:18,043 [INFO] BoardInfo:889 - No configuration file found for board NUCLEO-H533RE
2025-04-30 10:21:18,045 [INFO] DbBoards:161 - Board is not supported: NUCLEO-H533RE
2025-04-30 10:21:18,052 [INFO] BoardInfo:889 - No configuration file found for board NUCLEO-H7S3L8
2025-04-30 10:21:18,061 [INFO] DbBoards:161 - Board is not supported: NUCLEO-H7S3L8
2025-04-30 10:21:18,077 [INFO] BoardInfo:889 - No configuration file found for board NUCLEO-U031R8
2025-04-30 10:21:18,077 [INFO] DbBoards:161 - Board is not supported: NUCLEO-U031R8
2025-04-30 10:21:18,077 [INFO] BoardInfo:889 - No configuration file found for board NUCLEO-U083RC
2025-04-30 10:21:18,077 [INFO] DbBoards:161 - Board is not supported: NUCLEO-U083RC
2025-04-30 10:21:18,125 [INFO] BoardInfo:889 - No configuration file found for board P-NUCLEO-WB55
2025-04-30 10:21:18,125 [INFO] DbBoards:161 - Kit is not supported: P-NUCLEO-WB55
2025-04-30 10:21:18,127 [INFO] BoardInfo:889 - No configuration file found for board STEVAL-BFA001V1B
2025-04-30 10:21:18,127 [INFO] DbBoards:161 - Kit is not supported: STEVAL-BFA001V1B
2025-04-30 10:21:18,127 [INFO] BoardInfo:889 - No configuration file found for board STEVAL-BFA001V2B
2025-04-30 10:21:18,127 [INFO] DbBoards:161 - Kit is not supported: STEVAL-BFA001V2B
2025-04-30 10:21:18,269 [INFO] BoardInfo:889 - No configuration file found for board STM32H7S78-DK
2025-04-30 10:21:18,269 [INFO] DbBoards:161 - Board is not supported: STM32H7S78-DK
2025-04-30 10:21:18,316 [INFO] BoardInfo:889 - No configuration file found for board STM32U083C-DK
2025-04-30 10:21:18,316 [INFO] DbBoards:161 - Board is not supported: STM32U083C-DK
2025-04-30 10:21:18,331 [INFO] DbBoards:168 - Found 195 boards, 186 are supported
2025-04-30 10:21:18,334 [INFO] DbBoards:169 - Found 195 boards, 3 of them is supported for  Bsp
2025-04-30 10:21:18,335 [INFO] ApiDb:423 - Load user favorites file C:\Users\jayka/.stm32cubeide/favorites.boards.txt: 0 item(s)
2025-04-30 10:21:18,335 [INFO] ApiDb:427 - User favorites Boards=[]
2025-04-30 10:21:18,335 [INFO] DbBoards:198 - Set 0 / 0 favorites Boards
2025-04-30 10:21:18,335 [INFO] McuFinderGlobals:76 - Set McuFinderConnectedMode to true
2025-04-30 10:21:18,378 [INFO] MultiScanPanel:200 - Auto-refresh data requested => check proxy status ongoing
2025-04-30 10:21:18,394 [INFO] FinderPluginLoader:95 - Searching for filters in installed packs
2025-04-30 10:21:22,082 [INFO] ServerAccessManage:473 - Download File 
2025-04-30 10:21:22,277 [INFO] LoadUrlFilesThread:185 - End of LoadServerUrlFiles without Thread
2025-04-30 10:21:22,877 [INFO] DetailPanel:341 - Set advertising image to C:/Users/jayka/STM32Cube/Repository/\en.prom-stm32u3-mcu-finder.jpg
2025-04-30 10:21:28,016 [INFO] MultiScanPanel:200 - Auto-refresh data requested => check proxy status ongoing
2025-04-30 10:21:28,383 [INFO] LoadUrlFilesThread:185 - End of LoadServerUrlFiles without Thread
2025-04-30 10:21:28,384 [INFO] DetailPanel:341 - Set advertising image to C:/Users/jayka/STM32Cube/Repository/\en.prom-stm32u3-mcu-finder.jpg
2025-04-30 10:21:28,403 [INFO] DbBoards:642 - Loading board mini-images...
2025-04-30 10:21:35,589 [INFO] DbBoards:665 - Loaded 195 board mini-images
2025-04-30 10:21:36,156 [INFO] MultiScanPanel:200 - Auto-refresh data requested => check proxy status ongoing
2025-04-30 10:21:36,221 [INFO] ApiDb:668 - CubeFinder database Data Model version=2.1
2025-04-30 10:21:36,221 [INFO] ApiDb:669 - CubeFinder database Configuration version=3.0.39
2025-04-30 10:21:36,223 [INFO] ApiDb:670 - CubeFinder database generation date=2024-06-20 (1718880634)
2025-04-30 10:21:36,224 [INFO] ApiDb:671 - CubeFinder database FW Pack versions=[FP-ATR-ASTRA1_V2.0.0, FP-SNS-FLIGHT1_V5.0.2, FP-SNS-MOTENV1_V5.0.0, FP-SNS-MOTENVWB1_V1.4.0, FP-SNS-SMARTAG2_V1.2.0, STM32Cube_FW_C0_V1.2.0, STM32Cube_FW_F4_V1.28.0, STM32Cube_FW_F7_V1.17.2, STM32Cube_FW_G0_V1.6.2, STM32Cube_FW_G4_V1.6.0, STM32Cube_FW_H5_V1.3.0, STM32Cube_FW_H7RS_V1.1.0, STM32Cube_FW_H7_V1.11.2, STM32Cube_FW_L0_V1.12.2, STM32Cube_FW_L5_V1.5.1, STM32Cube_FW_U0_V1.1.0, STM32Cube_FW_U5_V1.6.0, STM32Cube_FW_WB0_V1.0.0, STM32Cube_FW_WBA_V1.4.0, STM32Cube_FW_WB_V1.20.0, STM32Cube_FW_WL_V1.3.0, X-CUBE-ALGOBUILD_V1.4.0, X-CUBE-ALS_V1.0.2, X-CUBE-AZRTOS-F4_V1.1.0, X-CUBE-AZRTOS-F7_V1.1.0, X-CUBE-AZRTOS-G0_V1.1.0, X-CUBE-AZRTOS-G4_V2.0.0, X-CUBE-AZRTOS-H7RS_V1.0.0, X-CUBE-AZRTOS-H7_V3.2.0, X-CUBE-AZRTOS-L4_V2.0.0, X-CUBE-AZRTOS-L5_V1.1.0, X-CUBE-AZRTOS-WB_V2.0.0, X-CUBE-AZRTOS-WL_V2.0.0, X-CUBE-BLE1_V7.0.0, X-CUBE-BLE2_V3.3.0, X-CUBE-BLEMGR_V3.1.0, X-CUBE-EEPRMA1_V5.1.0, X-CUBE-FREERTOS_V1.2.0, X-CUBE-GNSS1_V6.0.0, X-CUBE-MEMS1_V10.0.0, X-CUBE-NFC4_V3.0.0, X-CUBE-NFC7_V1.0.1, X-CUBE-SFXS2LP1_V4.0.0, X-CUBE-SUBG2_V5.0.0, X-CUBE-TOF1_V3.4.1]
2025-04-30 10:21:46,056 [ERROR] DbExamplesSqlite:437 - Missing JSON key: board_cpn
2025-04-30 10:21:46,057 [ERROR] DbExamplesSqlite:437 - Missing JSON key: board_cpn
2025-04-30 10:21:46,057 [ERROR] DbExamplesSqlite:437 - Missing JSON key: board_cpn
2025-04-30 10:21:46,058 [ERROR] DbExamplesSqlite:437 - Missing JSON key: board_cpn
2025-04-30 10:21:46,446 [INFO] DbExamplesSqlite:395 - Ignored 28 examples not supported by CubeIDE
2025-04-30 10:21:46,446 [INFO] DbExamplesSqlite:396 - Found 8590 examples active
2025-04-30 10:21:46,446 [INFO] DbExamplesSqlite:397 - Found 0 examples obsolete
2025-04-30 10:21:46,446 [INFO] DbExamplesSqlite:398 - Found 0 examples under development
2025-04-30 10:21:46,446 [INFO] DbExamplesSqlite:399 - Found 10 examples not building
2025-04-30 10:21:46,450 [INFO] DbExamples:125 - Found 8572 examples
2025-04-30 10:21:46,601 [ERROR] DbExamples:208 - Found 308 examples with invalid data (board or MCU)
2025-04-30 10:21:46,602 [INFO] DbExamples:222 - Found 102 boards with related examples
2025-04-30 10:21:46,637 [INFO] DbExamples:235 - Found 86 MCUs with related examples
2025-04-30 10:21:46,663 [INFO] ApiDb:414 - User favorites file not found: C:\Users\jayka/.stm32cubeide/favorites.examples.txt
2025-04-30 10:21:46,663 [INFO] DbExamples:250 - Set 0 / 0 favorites Examples
2025-04-30 10:21:50,497 [INFO] SoftwarePacks:127 - Download is needed for SW pack 'FP-ATR-ASTRA1_V2.0.0'
2025-04-30 10:21:50,498 [INFO] SoftwarePacks:127 - Download is needed for SW pack 'FP-SNS-FLIGHT1_V5.0.2'
2025-04-30 10:21:50,498 [INFO] SoftwarePacks:127 - Download is needed for SW pack 'FP-SNS-MOTENV1_V5.0.0'
2025-04-30 10:21:50,498 [INFO] SoftwarePacks:127 - Download is needed for SW pack 'FP-SNS-MOTENVWB1_V1.4.0'
2025-04-30 10:21:50,498 [INFO] SoftwarePacks:127 - Download is needed for SW pack 'FP-SNS-SMARTAG2_V1.2.0'
2025-04-30 10:21:50,733 [INFO] SoftwarePacks:127 - Download is needed for SW pack 'STM32Cube_FW_C0_V1.2.0'
2025-04-30 10:21:50,738 [INFO] SoftwarePacks:131 - Found SW pack 'STM32Cube_FW_F4_V1.28.0' up-to-date on disk.
2025-04-30 10:21:50,818 [INFO] SoftwarePacks:127 - Download is needed for SW pack 'STM32Cube_FW_F7_V1.17.2'
2025-04-30 10:21:50,831 [INFO] SoftwarePacks:127 - Download is needed for SW pack 'STM32Cube_FW_G0_V1.6.2'
2025-04-30 10:21:50,850 [INFO] SoftwarePacks:127 - Download is needed for SW pack 'STM32Cube_FW_G4_V1.6.0'
2025-04-30 10:21:50,865 [INFO] SoftwarePacks:127 - Download is needed for SW pack 'STM32Cube_FW_H5_V1.3.0'
2025-04-30 10:21:50,870 [INFO] SoftwarePacks:127 - Download is needed for SW pack 'STM32Cube_FW_H7RS_V1.1.0'
2025-04-30 10:21:50,879 [INFO] SoftwarePacks:127 - Download is needed for SW pack 'STM32Cube_FW_H7_V1.11.2'
2025-04-30 10:21:50,886 [INFO] SoftwarePacks:127 - Download is needed for SW pack 'STM32Cube_FW_L0_V1.12.2'
2025-04-30 10:21:50,891 [INFO] SoftwarePacks:127 - Download is needed for SW pack 'STM32Cube_FW_L5_V1.5.1'
2025-04-30 10:21:50,896 [INFO] SoftwarePacks:127 - Download is needed for SW pack 'STM32Cube_FW_U0_V1.1.0'
2025-04-30 10:21:50,968 [INFO] SoftwarePacks:127 - Download is needed for SW pack 'STM32Cube_FW_U5_V1.6.0'
2025-04-30 10:21:51,082 [INFO] SoftwarePacks:127 - Download is needed for SW pack 'STM32Cube_FW_WB0_V1.0.0'
2025-04-30 10:21:51,086 [INFO] SoftwarePacks:127 - Download is needed for SW pack 'STM32Cube_FW_WBA_V1.4.0'
2025-04-30 10:21:51,099 [INFO] SoftwarePacks:127 - Download is needed for SW pack 'STM32Cube_FW_WB_V1.20.0'
2025-04-30 10:21:51,402 [INFO] SoftwarePacks:127 - Download is needed for SW pack 'STM32Cube_FW_WL_V1.3.0'
2025-04-30 10:21:51,412 [INFO] SoftwarePacks:127 - Download is needed for SW pack 'X-CUBE-ALGOBUILD_V1.4.0'
2025-04-30 10:21:51,416 [INFO] SoftwarePacks:127 - Download is needed for SW pack 'X-CUBE-ALS_V1.0.2'
2025-04-30 10:21:51,417 [INFO] SoftwarePacks:127 - Download is needed for SW pack 'X-CUBE-AZRTOS-F4_V1.1.0'
2025-04-30 10:21:51,417 [INFO] SoftwarePacks:127 - Download is needed for SW pack 'X-CUBE-AZRTOS-F7_V1.1.0'
2025-04-30 10:21:51,417 [INFO] SoftwarePacks:127 - Download is needed for SW pack 'X-CUBE-AZRTOS-G0_V1.1.0'
2025-04-30 10:21:51,417 [INFO] SoftwarePacks:127 - Download is needed for SW pack 'X-CUBE-AZRTOS-G4_V2.0.0'
2025-04-30 10:21:51,417 [INFO] SoftwarePacks:127 - Download is needed for SW pack 'X-CUBE-AZRTOS-H7RS_V1.0.0'
2025-04-30 10:21:51,417 [INFO] SoftwarePacks:127 - Download is needed for SW pack 'X-CUBE-AZRTOS-H7_V3.2.0'
2025-04-30 10:21:51,417 [INFO] SoftwarePacks:127 - Download is needed for SW pack 'X-CUBE-AZRTOS-L4_V2.0.0'
2025-04-30 10:21:51,417 [INFO] SoftwarePacks:127 - Download is needed for SW pack 'X-CUBE-AZRTOS-L5_V1.1.0'
2025-04-30 10:21:51,417 [INFO] SoftwarePacks:127 - Download is needed for SW pack 'X-CUBE-AZRTOS-WB_V2.0.0'
2025-04-30 10:21:51,417 [INFO] SoftwarePacks:127 - Download is needed for SW pack 'X-CUBE-AZRTOS-WL_V2.0.0'
2025-04-30 10:21:51,417 [INFO] SoftwarePacks:127 - Download is needed for SW pack 'X-CUBE-BLE1_V7.0.0'
2025-04-30 10:21:51,418 [INFO] SoftwarePacks:127 - Download is needed for SW pack 'X-CUBE-BLE2_V3.3.0'
2025-04-30 10:21:51,418 [INFO] SoftwarePacks:127 - Download is needed for SW pack 'X-CUBE-BLEMGR_V3.1.0'
2025-04-30 10:21:51,855 [INFO] SoftwarePacks:127 - Download is needed for SW pack 'X-CUBE-EEPRMA1_V5.1.0'
2025-04-30 10:21:51,855 [INFO] SoftwarePacks:127 - Download is needed for SW pack 'X-CUBE-FREERTOS_V1.2.0'
2025-04-30 10:21:51,855 [INFO] SoftwarePacks:127 - Download is needed for SW pack 'X-CUBE-GNSS1_V6.0.0'
2025-04-30 10:21:51,855 [INFO] SoftwarePacks:127 - Download is needed for SW pack 'X-CUBE-MEMS1_V10.0.0'
2025-04-30 10:21:51,856 [INFO] SoftwarePacks:127 - Download is needed for SW pack 'X-CUBE-NFC4_V3.0.0'
2025-04-30 10:21:51,856 [INFO] SoftwarePacks:127 - Download is needed for SW pack 'X-CUBE-NFC7_V1.0.1'
2025-04-30 10:21:51,856 [INFO] SoftwarePacks:127 - Download is needed for SW pack 'X-CUBE-SFXS2LP1_V4.0.0'
2025-04-30 10:21:51,856 [INFO] SoftwarePacks:127 - Download is needed for SW pack 'X-CUBE-SUBG2_V5.0.0'
2025-04-30 10:21:51,856 [INFO] SoftwarePacks:127 - Download is needed for SW pack 'X-CUBE-TOF1_V3.4.1'
2025-04-30 10:22:05,458 [INFO] LoadUrlFilesThread:185 - End of LoadServerUrlFiles without Thread
2025-04-30 10:22:05,477 [INFO] DetailPanel:341 - Set advertising image to C:/Users/jayka/STM32Cube/Repository/\en.prom-stm32u3-mcu-finder.jpg
2025-04-30 10:22:05,735 [ERROR] AppliInfo:139 - Unknown STM32CubeMX version: 6.11.0
2025-04-30 10:22:05,739 [ERROR] AppliInfo:139 - Unknown STM32CubeMX version: 6.11.0
2025-04-30 10:22:05,752 [ERROR] AppliInfo:139 - Unknown STM32CubeMX version: 6.11.0
2025-04-30 10:22:05,755 [ERROR] AppliInfo:139 - Unknown STM32CubeMX version: 6.11.0
2025-04-30 10:22:05,758 [ERROR] AppliInfo:139 - Unknown STM32CubeMX version: 6.12.0
2025-04-30 10:22:05,771 [ERROR] AppliInfo:139 - Unknown STM32CubeMX version: 6.12.0
2025-04-30 10:22:05,772 [ERROR] AppliInfo:139 - Unknown STM32CubeMX version: 6.12.0
2025-04-30 10:22:05,772 [ERROR] AppliInfo:139 - Unknown STM32CubeMX version: 6.12.0
2025-04-30 10:22:05,774 [ERROR] AppliInfo:139 - Unknown STM32CubeMX version: 6.12.0
2025-04-30 10:22:05,774 [ERROR] AppliInfo:139 - Unknown STM32CubeMX version: 6.12.0
2025-04-30 10:22:05,775 [ERROR] AppliInfo:139 - Unknown STM32CubeMX version: 6.12.0
2025-04-30 10:22:05,778 [ERROR] AppliInfo:139 - Unknown STM32CubeMX version: 6.12.0
2025-04-30 10:22:05,779 [ERROR] AppliInfo:139 - Unknown STM32CubeMX version: 6.12.0
2025-04-30 10:22:05,779 [ERROR] AppliInfo:139 - Unknown STM32CubeMX version: 6.12.0
2025-04-30 10:22:05,780 [ERROR] AppliInfo:139 - Unknown STM32CubeMX version: 6.12.0
2025-04-30 10:22:05,790 [ERROR] AppliInfo:139 - Unknown STM32CubeMX version: 6.12.0
2025-04-30 10:22:05,791 [ERROR] AppliInfo:139 - Unknown STM32CubeMX version: 6.12.0
2025-04-30 10:22:05,791 [ERROR] AppliInfo:139 - Unknown STM32CubeMX version: 6.12.0
2025-04-30 10:22:05,791 [ERROR] AppliInfo:139 - Unknown STM32CubeMX version: 6.12.0
2025-04-30 10:22:05,792 [ERROR] AppliInfo:139 - Unknown STM32CubeMX version: 6.12.0
2025-04-30 10:22:05,792 [ERROR] AppliInfo:139 - Unknown STM32CubeMX version: 6.12.0
2025-04-30 10:22:05,793 [ERROR] AppliInfo:139 - Unknown STM32CubeMX version: 6.12.0
2025-04-30 10:22:05,793 [ERROR] AppliInfo:139 - Unknown STM32CubeMX version: 6.12.0
2025-04-30 10:22:05,793 [ERROR] AppliInfo:139 - Unknown STM32CubeMX version: 6.12.0
2025-04-30 10:22:05,793 [ERROR] AppliInfo:139 - Unknown STM32CubeMX version: 6.12.0
2025-04-30 10:22:05,794 [ERROR] AppliInfo:139 - Unknown STM32CubeMX version: 6.12.0
2025-04-30 10:22:05,794 [ERROR] AppliInfo:139 - Unknown STM32CubeMX version: 6.12.0
2025-04-30 10:22:05,795 [ERROR] AppliInfo:139 - Unknown STM32CubeMX version: 6.12.0
2025-04-30 10:22:05,795 [ERROR] AppliInfo:139 - Unknown STM32CubeMX version: 6.12.0
2025-04-30 10:22:05,797 [ERROR] AppliInfo:139 - Unknown STM32CubeMX version: 6.12.0
2025-04-30 10:22:05,798 [ERROR] AppliInfo:139 - Unknown STM32CubeMX version: 6.12.0
2025-04-30 10:22:05,799 [ERROR] AppliInfo:139 - Unknown STM32CubeMX version: 6.12.0
2025-04-30 10:22:05,799 [ERROR] AppliInfo:139 - Unknown STM32CubeMX version: 6.12.0
2025-04-30 10:22:05,799 [ERROR] AppliInfo:139 - Unknown STM32CubeMX version: 6.12.0
2025-04-30 10:22:05,800 [ERROR] AppliInfo:139 - Unknown STM32CubeMX version: 6.12.0
2025-04-30 10:22:05,800 [ERROR] AppliInfo:139 - Unknown STM32CubeMX version: 6.12.0
2025-04-30 10:22:05,800 [ERROR] AppliInfo:139 - Unknown STM32CubeMX version: 6.12.0
2025-04-30 10:22:05,801 [ERROR] AppliInfo:139 - Unknown STM32CubeMX version: 6.12.0
2025-04-30 10:22:05,801 [ERROR] AppliInfo:139 - Unknown STM32CubeMX version: 6.12.0
2025-04-30 10:22:05,802 [ERROR] AppliInfo:139 - Unknown STM32CubeMX version: 6.12.0
2025-04-30 10:22:05,803 [ERROR] AppliInfo:139 - Unknown STM32CubeMX version: 6.12.0
2025-04-30 10:22:05,806 [ERROR] AppliInfo:139 - Unknown STM32CubeMX version: 6.12.0
2025-04-30 10:22:05,806 [ERROR] AppliInfo:139 - Unknown STM32CubeMX version: 6.12.0
2025-04-30 10:22:05,807 [ERROR] AppliInfo:139 - Unknown STM32CubeMX version: 6.12.0
2025-04-30 10:22:05,807 [ERROR] AppliInfo:139 - Unknown STM32CubeMX version: 6.12.0
2025-04-30 10:22:05,807 [ERROR] AppliInfo:139 - Unknown STM32CubeMX version: 6.12.0
2025-04-30 10:22:05,808 [ERROR] AppliInfo:139 - Unknown STM32CubeMX version: 6.12.0
2025-04-30 10:22:05,808 [ERROR] AppliInfo:139 - Unknown STM32CubeMX version: 6.12.0
2025-04-30 10:22:05,809 [ERROR] AppliInfo:139 - Unknown STM32CubeMX version: 6.12.0
2025-04-30 10:22:05,809 [ERROR] AppliInfo:139 - Unknown STM32CubeMX version: 6.12.0
2025-04-30 10:22:05,809 [ERROR] AppliInfo:139 - Unknown STM32CubeMX version: 6.12.0
2025-04-30 10:22:05,809 [ERROR] AppliInfo:139 - Unknown STM32CubeMX version: 6.12.0
2025-04-30 10:22:05,810 [ERROR] AppliInfo:139 - Unknown STM32CubeMX version: 6.12.0
2025-04-30 10:22:05,810 [ERROR] AppliInfo:139 - Unknown STM32CubeMX version: 6.12.0
2025-04-30 10:22:05,810 [ERROR] AppliInfo:139 - Unknown STM32CubeMX version: 6.12.0
2025-04-30 10:22:05,811 [ERROR] AppliInfo:139 - Unknown STM32CubeMX version: 6.12.0
2025-04-30 10:22:05,811 [ERROR] AppliInfo:139 - Unknown STM32CubeMX version: 6.12.0
2025-04-30 10:22:05,812 [ERROR] AppliInfo:139 - Unknown STM32CubeMX version: 6.12.0
2025-04-30 10:22:05,812 [ERROR] AppliInfo:139 - Unknown STM32CubeMX version: 6.12.0
2025-04-30 10:22:05,815 [ERROR] AppliInfo:139 - Unknown STM32CubeMX version: 6.12.0
2025-04-30 10:22:05,815 [ERROR] AppliInfo:139 - Unknown STM32CubeMX version: 6.12.0
2025-04-30 10:22:05,815 [ERROR] AppliInfo:139 - Unknown STM32CubeMX version: 6.12.0
2025-04-30 10:22:05,816 [ERROR] AppliInfo:139 - Unknown STM32CubeMX version: 6.12.0
2025-04-30 10:22:05,816 [ERROR] AppliInfo:139 - Unknown STM32CubeMX version: 6.12.0
2025-04-30 10:22:05,816 [ERROR] AppliInfo:139 - Unknown STM32CubeMX version: 6.12.0
2025-04-30 10:22:05,817 [ERROR] AppliInfo:139 - Unknown STM32CubeMX version: 6.12.0
2025-04-30 10:22:05,817 [ERROR] AppliInfo:139 - Unknown STM32CubeMX version: 6.12.0
2025-04-30 10:22:05,818 [ERROR] AppliInfo:139 - Unknown STM32CubeMX version: 6.12.0
2025-04-30 10:22:05,818 [ERROR] AppliInfo:139 - Unknown STM32CubeMX version: 6.12.0
2025-04-30 10:22:05,819 [ERROR] AppliInfo:139 - Unknown STM32CubeMX version: 6.12.0
2025-04-30 10:22:05,820 [ERROR] AppliInfo:139 - Unknown STM32CubeMX version: 6.12.0
2025-04-30 10:22:05,820 [ERROR] AppliInfo:139 - Unknown STM32CubeMX version: 6.12.0
2025-04-30 10:22:05,821 [ERROR] AppliInfo:139 - Unknown STM32CubeMX version: 6.12.0
2025-04-30 10:22:05,824 [ERROR] AppliInfo:139 - Unknown STM32CubeMX version: 6.12.0
2025-04-30 10:22:05,825 [ERROR] AppliInfo:139 - Unknown STM32CubeMX version: 6.12.0
2025-04-30 10:22:05,825 [ERROR] AppliInfo:139 - Unknown STM32CubeMX version: 6.12.0
2025-04-30 10:22:05,826 [ERROR] AppliInfo:139 - Unknown STM32CubeMX version: 6.12.0
2025-04-30 10:22:05,826 [ERROR] AppliInfo:139 - Unknown STM32CubeMX version: 6.12.0
2025-04-30 10:22:05,827 [ERROR] AppliInfo:139 - Unknown STM32CubeMX version: 6.12.0
2025-04-30 10:22:05,832 [ERROR] AppliInfo:139 - Unknown STM32CubeMX version: 6.12.0
2025-04-30 10:22:05,835 [ERROR] AppliInfo:139 - Unknown STM32CubeMX version: 6.12.0
2025-04-30 10:22:05,836 [ERROR] AppliInfo:139 - Unknown STM32CubeMX version: 6.12.0
2025-04-30 10:22:05,836 [ERROR] AppliInfo:139 - Unknown STM32CubeMX version: 6.12.0
2025-04-30 10:22:05,836 [ERROR] AppliInfo:139 - Unknown STM32CubeMX version: 6.12.0
2025-04-30 10:22:05,836 [ERROR] AppliInfo:139 - Unknown STM32CubeMX version: 6.12.0
2025-04-30 10:22:05,837 [ERROR] AppliInfo:139 - Unknown STM32CubeMX version: 6.12.0
2025-04-30 10:22:05,837 [ERROR] AppliInfo:139 - Unknown STM32CubeMX version: 6.12.0
2025-04-30 10:22:05,838 [ERROR] AppliInfo:139 - Unknown STM32CubeMX version: 6.12.0
2025-04-30 10:22:05,839 [ERROR] AppliInfo:139 - Unknown STM32CubeMX version: 6.12.0
2025-04-30 10:22:05,843 [ERROR] AppliInfo:139 - Unknown STM32CubeMX version: 6.12.0
2025-04-30 10:22:05,845 [ERROR] AppliInfo:139 - Unknown STM32CubeMX version: 6.12.0
2025-04-30 10:22:05,846 [ERROR] AppliInfo:139 - Unknown STM32CubeMX version: 6.12.0
2025-04-30 10:22:05,847 [ERROR] AppliInfo:139 - Unknown STM32CubeMX version: 6.12.0
2025-04-30 10:22:05,847 [ERROR] AppliInfo:139 - Unknown STM32CubeMX version: 6.12.0
2025-04-30 10:22:05,848 [ERROR] AppliInfo:139 - Unknown STM32CubeMX version: 6.12.0
2025-04-30 10:22:05,848 [ERROR] AppliInfo:139 - Unknown STM32CubeMX version: 6.12.0
2025-04-30 10:22:05,848 [ERROR] AppliInfo:139 - Unknown STM32CubeMX version: 6.12.0
2025-04-30 10:22:05,849 [ERROR] AppliInfo:139 - Unknown STM32CubeMX version: 6.12.0
2025-04-30 10:22:05,849 [ERROR] AppliInfo:139 - Unknown STM32CubeMX version: 6.12.0
2025-04-30 10:22:05,850 [ERROR] AppliInfo:139 - Unknown STM32CubeMX version: 6.12.0
2025-04-30 10:22:05,850 [ERROR] AppliInfo:139 - Unknown STM32CubeMX version: 6.12.0
2025-04-30 10:22:05,850 [ERROR] AppliInfo:139 - Unknown STM32CubeMX version: 6.12.0
2025-04-30 10:22:05,851 [ERROR] AppliInfo:139 - Unknown STM32CubeMX version: 6.12.0
2025-04-30 10:22:05,851 [ERROR] AppliInfo:139 - Unknown STM32CubeMX version: 6.12.0
2025-04-30 10:22:05,852 [ERROR] AppliInfo:139 - Unknown STM32CubeMX version: 6.12.0
2025-04-30 10:22:05,852 [ERROR] AppliInfo:139 - Unknown STM32CubeMX version: 6.12.0
2025-04-30 10:22:05,853 [ERROR] AppliInfo:139 - Unknown STM32CubeMX version: 6.12.0
2025-04-30 10:22:05,853 [ERROR] AppliInfo:139 - Unknown STM32CubeMX version: 6.12.0
2025-04-30 10:22:05,853 [ERROR] AppliInfo:139 - Unknown STM32CubeMX version: 6.12.0
2025-04-30 10:22:05,853 [ERROR] AppliInfo:139 - Unknown STM32CubeMX version: 6.12.0
2025-04-30 10:22:05,854 [ERROR] AppliInfo:139 - Unknown STM32CubeMX version: 6.12.0
2025-04-30 10:22:05,854 [ERROR] AppliInfo:139 - Unknown STM32CubeMX version: 6.12.0
2025-04-30 10:22:05,854 [ERROR] AppliInfo:139 - Unknown STM32CubeMX version: 6.12.0
2025-04-30 10:22:05,855 [ERROR] AppliInfo:139 - Unknown STM32CubeMX version: 6.12.0
2025-04-30 10:22:05,855 [ERROR] AppliInfo:139 - Unknown STM32CubeMX version: 6.12.0
2025-04-30 10:22:05,855 [ERROR] AppliInfo:139 - Unknown STM32CubeMX version: 6.12.0
2025-04-30 10:22:05,856 [ERROR] AppliInfo:139 - Unknown STM32CubeMX version: 6.12.0
2025-04-30 10:22:05,856 [ERROR] AppliInfo:139 - Unknown STM32CubeMX version: 6.12.0
2025-04-30 10:22:05,856 [ERROR] AppliInfo:139 - Unknown STM32CubeMX version: 6.12.0
2025-04-30 10:22:05,857 [ERROR] AppliInfo:139 - Unknown STM32CubeMX version: 6.12.0
2025-04-30 10:22:05,857 [ERROR] AppliInfo:139 - Unknown STM32CubeMX version: 6.12.0
2025-04-30 10:22:05,857 [ERROR] AppliInfo:139 - Unknown STM32CubeMX version: 6.12.0
2025-04-30 10:22:05,858 [ERROR] AppliInfo:139 - Unknown STM32CubeMX version: 6.12.0
2025-04-30 10:22:05,858 [ERROR] AppliInfo:139 - Unknown STM32CubeMX version: 6.12.0
2025-04-30 10:22:05,858 [ERROR] AppliInfo:139 - Unknown STM32CubeMX version: 6.12.0
2025-04-30 10:22:05,859 [ERROR] AppliInfo:139 - Unknown STM32CubeMX version: 6.12.0
2025-04-30 10:22:05,859 [ERROR] AppliInfo:139 - Unknown STM32CubeMX version: 6.12.0
2025-04-30 10:22:05,859 [ERROR] AppliInfo:139 - Unknown STM32CubeMX version: 6.12.0
2025-04-30 10:22:05,863 [ERROR] AppliInfo:139 - Unknown STM32CubeMX version: 6.12.0
2025-04-30 10:22:05,864 [ERROR] AppliInfo:139 - Unknown STM32CubeMX version: 6.12.0
2025-04-30 10:22:05,865 [ERROR] AppliInfo:139 - Unknown STM32CubeMX version: 6.12.0
2025-04-30 10:22:05,865 [ERROR] AppliInfo:139 - Unknown STM32CubeMX version: 6.12.0
2025-04-30 10:22:05,865 [ERROR] AppliInfo:139 - Unknown STM32CubeMX version: 6.12.0
2025-04-30 10:22:05,866 [ERROR] AppliInfo:139 - Unknown STM32CubeMX version: 6.12.0
2025-04-30 10:22:05,867 [ERROR] AppliInfo:139 - Unknown STM32CubeMX version: 6.12.0
2025-04-30 10:22:05,867 [ERROR] AppliInfo:139 - Unknown STM32CubeMX version: 6.12.0
2025-04-30 10:22:05,868 [ERROR] AppliInfo:139 - Unknown STM32CubeMX version: 6.12.0
2025-04-30 10:22:05,871 [ERROR] AppliInfo:139 - Unknown STM32CubeMX version: 6.12.0
2025-04-30 10:22:05,872 [ERROR] AppliInfo:139 - Unknown STM32CubeMX version: 6.12.0
2025-04-30 10:22:05,872 [ERROR] AppliInfo:139 - Unknown STM32CubeMX version: 6.12.0
2025-04-30 10:22:05,872 [ERROR] AppliInfo:139 - Unknown STM32CubeMX version: 6.12.0
2025-04-30 10:22:05,872 [ERROR] AppliInfo:139 - Unknown STM32CubeMX version: 6.12.0
2025-04-30 10:22:05,873 [ERROR] AppliInfo:139 - Unknown STM32CubeMX version: 6.12.0
2025-04-30 10:22:05,873 [ERROR] AppliInfo:139 - Unknown STM32CubeMX version: 6.12.0
2025-04-30 10:22:05,873 [ERROR] AppliInfo:139 - Unknown STM32CubeMX version: 6.12.0
2025-04-30 10:22:05,874 [ERROR] AppliInfo:139 - Unknown STM32CubeMX version: 6.12.0
2025-04-30 10:22:05,874 [ERROR] AppliInfo:139 - Unknown STM32CubeMX version: 6.12.0
2025-04-30 10:22:05,874 [ERROR] AppliInfo:139 - Unknown STM32CubeMX version: 6.12.0
2025-04-30 10:22:05,874 [ERROR] AppliInfo:139 - Unknown STM32CubeMX version: 6.12.0
2025-04-30 10:22:05,875 [ERROR] AppliInfo:139 - Unknown STM32CubeMX version: 6.12.0
2025-04-30 10:22:05,875 [ERROR] AppliInfo:139 - Unknown STM32CubeMX version: 6.12.0
2025-04-30 10:22:05,876 [ERROR] AppliInfo:139 - Unknown STM32CubeMX version: 6.12.0
2025-04-30 10:22:05,877 [ERROR] AppliInfo:139 - Unknown STM32CubeMX version: 6.12.0
2025-04-30 10:22:05,877 [ERROR] AppliInfo:139 - Unknown STM32CubeMX version: 6.12.0
2025-04-30 10:22:05,878 [ERROR] AppliInfo:139 - Unknown STM32CubeMX version: 6.12.0
2025-04-30 10:22:05,878 [ERROR] AppliInfo:139 - Unknown STM32CubeMX version: 6.12.0
2025-04-30 10:22:05,879 [ERROR] AppliInfo:139 - Unknown STM32CubeMX version: 6.12.0
2025-04-30 10:22:05,880 [ERROR] AppliInfo:139 - Unknown STM32CubeMX version: 6.12.0
2025-04-30 10:22:05,881 [ERROR] AppliInfo:139 - Unknown STM32CubeMX version: 6.12.0
2025-04-30 10:22:05,881 [ERROR] AppliInfo:139 - Unknown STM32CubeMX version: 6.12.0
2025-04-30 10:22:05,881 [ERROR] AppliInfo:139 - Unknown STM32CubeMX version: 6.12.0
2025-04-30 10:22:05,882 [ERROR] AppliInfo:139 - Unknown STM32CubeMX version: 6.12.0
2025-04-30 10:22:05,882 [ERROR] AppliInfo:139 - Unknown STM32CubeMX version: 6.12.0
2025-04-30 10:22:05,882 [ERROR] AppliInfo:139 - Unknown STM32CubeMX version: 6.12.0
2025-04-30 10:22:05,882 [ERROR] AppliInfo:139 - Unknown STM32CubeMX version: 6.12.0
2025-04-30 10:22:05,882 [ERROR] AppliInfo:139 - Unknown STM32CubeMX version: 6.12.0
2025-04-30 10:22:05,882 [ERROR] AppliInfo:139 - Unknown STM32CubeMX version: 6.12.0
2025-04-30 10:22:05,883 [ERROR] AppliInfo:139 - Unknown STM32CubeMX version: 6.12.0
2025-04-30 10:22:05,883 [ERROR] AppliInfo:139 - Unknown STM32CubeMX version: 6.12.0
2025-04-30 10:22:05,883 [ERROR] AppliInfo:139 - Unknown STM32CubeMX version: 6.12.0
2025-04-30 10:22:05,883 [ERROR] AppliInfo:139 - Unknown STM32CubeMX version: 6.12.0
2025-04-30 10:22:05,883 [ERROR] AppliInfo:139 - Unknown STM32CubeMX version: 6.12.0
2025-04-30 10:22:05,884 [ERROR] AppliInfo:139 - Unknown STM32CubeMX version: 6.12.0
2025-04-30 10:22:05,884 [ERROR] AppliInfo:139 - Unknown STM32CubeMX version: 6.12.0
2025-04-30 10:22:05,885 [ERROR] AppliInfo:139 - Unknown STM32CubeMX version: 6.12.0
2025-04-30 10:22:05,886 [ERROR] AppliInfo:139 - Unknown STM32CubeMX version: 6.12.0
2025-04-30 10:22:08,765 [ERROR] AppliInfo:139 - Unknown STM32CubeMX version: 6.11.0
2025-04-30 10:22:08,880 [ERROR] AppliInfo:139 - Unknown STM32CubeMX version: 6.11.0
2025-04-30 10:22:08,881 [ERROR] AppliInfo:139 - Unknown STM32CubeMX version: 6.11.0
2025-04-30 10:22:08,881 [ERROR] AppliInfo:139 - Unknown STM32CubeMX version: 6.11.0
2025-04-30 10:22:08,884 [ERROR] AppliInfo:139 - Unknown STM32CubeMX version: 6.11.0
2025-04-30 10:22:08,884 [ERROR] AppliInfo:139 - Unknown STM32CubeMX version: 6.11.0
2025-04-30 10:22:08,888 [ERROR] AppliInfo:139 - Unknown STM32CubeMX version: 6.11.0
2025-04-30 10:22:08,889 [ERROR] AppliInfo:139 - Unknown STM32CubeMX version: 6.11.0
2025-04-30 10:22:08,889 [ERROR] AppliInfo:139 - Unknown STM32CubeMX version: 6.11.0
2025-04-30 10:22:08,889 [ERROR] AppliInfo:139 - Unknown STM32CubeMX version: 6.11.0
2025-04-30 10:22:08,889 [ERROR] AppliInfo:139 - Unknown STM32CubeMX version: 6.11.0
2025-04-30 10:22:08,889 [ERROR] AppliInfo:139 - Unknown STM32CubeMX version: 6.11.0
2025-04-30 10:22:08,889 [ERROR] AppliInfo:139 - Unknown STM32CubeMX version: 6.11.0
2025-04-30 10:22:08,890 [ERROR] AppliInfo:139 - Unknown STM32CubeMX version: 6.11.0
2025-04-30 10:22:08,891 [ERROR] AppliInfo:139 - Unknown STM32CubeMX version: 6.11.0
2025-04-30 10:22:08,892 [ERROR] AppliInfo:139 - Unknown STM32CubeMX version: 6.11.0
2025-04-30 10:22:08,892 [ERROR] AppliInfo:139 - Unknown STM32CubeMX version: 6.11.0
2025-04-30 10:22:08,892 [ERROR] AppliInfo:139 - Unknown STM32CubeMX version: 6.11.0
2025-04-30 10:22:08,895 [ERROR] AppliInfo:139 - Unknown STM32CubeMX version: 6.11.0
2025-04-30 10:22:08,896 [ERROR] AppliInfo:139 - Unknown STM32CubeMX version: 6.11.0
2025-04-30 10:22:08,896 [ERROR] AppliInfo:139 - Unknown STM32CubeMX version: 6.11.0
2025-04-30 10:22:08,896 [ERROR] AppliInfo:139 - Unknown STM32CubeMX version: 6.11.0
2025-04-30 10:22:08,896 [ERROR] AppliInfo:139 - Unknown STM32CubeMX version: 6.11.0
2025-04-30 10:22:08,896 [ERROR] AppliInfo:139 - Unknown STM32CubeMX version: 6.11.0
2025-04-30 10:22:08,896 [ERROR] AppliInfo:139 - Unknown STM32CubeMX version: 6.11.0
2025-04-30 10:22:08,896 [ERROR] AppliInfo:139 - Unknown STM32CubeMX version: 6.11.0
2025-04-30 10:22:08,896 [ERROR] AppliInfo:139 - Unknown STM32CubeMX version: 6.11.0
2025-04-30 10:22:08,897 [ERROR] AppliInfo:139 - Unknown STM32CubeMX version: 6.11.0
2025-04-30 10:22:08,897 [ERROR] AppliInfo:139 - Unknown STM32CubeMX version: 6.11.0
2025-04-30 10:22:08,897 [ERROR] AppliInfo:139 - Unknown STM32CubeMX version: 6.11.0
2025-04-30 10:22:08,897 [ERROR] AppliInfo:139 - Unknown STM32CubeMX version: 6.11.0
2025-04-30 10:22:08,897 [ERROR] AppliInfo:139 - Unknown STM32CubeMX version: 6.11.0
2025-04-30 10:22:08,897 [ERROR] AppliInfo:139 - Unknown STM32CubeMX version: 6.11.0
2025-04-30 10:22:08,897 [ERROR] AppliInfo:139 - Unknown STM32CubeMX version: 6.11.0
2025-04-30 10:22:08,897 [ERROR] AppliInfo:139 - Unknown STM32CubeMX version: 6.11.0
2025-04-30 10:22:08,898 [ERROR] AppliInfo:139 - Unknown STM32CubeMX version: 6.11.0
2025-04-30 10:22:08,898 [ERROR] AppliInfo:139 - Unknown STM32CubeMX version: 6.11.0
2025-04-30 10:22:08,900 [ERROR] AppliInfo:139 - Unknown STM32CubeMX version: 6.11.0
2025-04-30 10:22:08,901 [ERROR] AppliInfo:139 - Unknown STM32CubeMX version: 6.11.0
2025-04-30 10:22:08,903 [ERROR] AppliInfo:139 - Unknown STM32CubeMX version: 6.11.0
2025-04-30 10:22:08,903 [ERROR] AppliInfo:139 - Unknown STM32CubeMX version: 6.11.0
2025-04-30 10:22:08,903 [ERROR] AppliInfo:139 - Unknown STM32CubeMX version: 6.11.0
2025-04-30 10:22:08,904 [ERROR] AppliInfo:139 - Unknown STM32CubeMX version: 6.11.0
2025-04-30 10:22:08,906 [ERROR] AppliInfo:139 - Unknown STM32CubeMX version: 6.11.0
2025-04-30 10:22:08,906 [ERROR] AppliInfo:139 - Unknown STM32CubeMX version: 6.11.0
2025-04-30 10:22:08,907 [ERROR] AppliInfo:139 - Unknown STM32CubeMX version: 6.11.0
2025-04-30 10:22:08,907 [ERROR] AppliInfo:139 - Unknown STM32CubeMX version: 6.11.0
2025-04-30 10:22:08,908 [ERROR] AppliInfo:139 - Unknown STM32CubeMX version: 6.11.0
2025-04-30 10:22:08,909 [ERROR] AppliInfo:139 - Unknown STM32CubeMX version: 6.11.0
2025-04-30 10:22:08,910 [ERROR] AppliInfo:139 - Unknown STM32CubeMX version: 6.11.0
2025-04-30 10:22:08,912 [ERROR] AppliInfo:139 - Unknown STM32CubeMX version: 6.11.0
2025-04-30 10:22:08,912 [ERROR] AppliInfo:139 - Unknown STM32CubeMX version: 6.11.0
2025-04-30 10:22:08,912 [ERROR] AppliInfo:139 - Unknown STM32CubeMX version: 6.11.0
2025-04-30 10:22:08,913 [ERROR] AppliInfo:139 - Unknown STM32CubeMX version: 6.11.0
2025-04-30 10:22:08,913 [ERROR] AppliInfo:139 - Unknown STM32CubeMX version: 6.11.0
2025-04-30 10:22:08,913 [ERROR] AppliInfo:139 - Unknown STM32CubeMX version: 6.11.0
2025-04-30 10:22:08,914 [ERROR] AppliInfo:139 - Unknown STM32CubeMX version: 6.11.0
2025-04-30 10:22:08,914 [ERROR] AppliInfo:139 - Unknown STM32CubeMX version: 6.11.0
2025-04-30 10:22:08,915 [ERROR] AppliInfo:139 - Unknown STM32CubeMX version: 6.11.0
2025-04-30 10:22:08,915 [ERROR] AppliInfo:139 - Unknown STM32CubeMX version: 6.11.0
2025-04-30 10:22:08,916 [ERROR] AppliInfo:139 - Unknown STM32CubeMX version: 6.11.0
2025-04-30 10:22:08,916 [ERROR] AppliInfo:139 - Unknown STM32CubeMX version: 6.11.0
2025-04-30 10:22:08,916 [ERROR] AppliInfo:139 - Unknown STM32CubeMX version: 6.11.0
2025-04-30 10:22:08,917 [ERROR] AppliInfo:139 - Unknown STM32CubeMX version: 6.11.0
2025-04-30 10:22:08,918 [ERROR] AppliInfo:139 - Unknown STM32CubeMX version: 6.11.0
2025-04-30 10:22:08,918 [ERROR] AppliInfo:139 - Unknown STM32CubeMX version: 6.11.0
2025-04-30 10:22:08,918 [ERROR] AppliInfo:139 - Unknown STM32CubeMX version: 6.11.0
2025-04-30 10:22:08,918 [ERROR] AppliInfo:139 - Unknown STM32CubeMX version: 6.11.0
2025-04-30 10:22:08,919 [ERROR] AppliInfo:139 - Unknown STM32CubeMX version: 6.11.0
2025-04-30 10:22:08,919 [ERROR] AppliInfo:139 - Unknown STM32CubeMX version: 6.11.0
2025-04-30 10:22:08,919 [ERROR] AppliInfo:139 - Unknown STM32CubeMX version: 6.11.0
2025-04-30 10:22:08,919 [ERROR] AppliInfo:139 - Unknown STM32CubeMX version: 6.11.0
2025-04-30 10:22:08,919 [ERROR] AppliInfo:139 - Unknown STM32CubeMX version: 6.11.0
2025-04-30 10:22:08,919 [ERROR] AppliInfo:139 - Unknown STM32CubeMX version: 6.11.0
2025-04-30 10:22:08,919 [ERROR] AppliInfo:139 - Unknown STM32CubeMX version: 6.11.0
2025-04-30 10:22:08,919 [ERROR] AppliInfo:139 - Unknown STM32CubeMX version: 6.11.0
2025-04-30 10:22:08,920 [ERROR] AppliInfo:139 - Unknown STM32CubeMX version: 6.11.0
2025-04-30 10:22:08,920 [ERROR] AppliInfo:139 - Unknown STM32CubeMX version: 6.11.0
2025-04-30 10:22:08,920 [ERROR] AppliInfo:139 - Unknown STM32CubeMX version: 6.11.0
2025-04-30 10:22:08,920 [ERROR] AppliInfo:139 - Unknown STM32CubeMX version: 6.11.0
2025-04-30 10:22:08,920 [ERROR] AppliInfo:139 - Unknown STM32CubeMX version: 6.11.0
2025-04-30 10:22:08,920 [ERROR] AppliInfo:139 - Unknown STM32CubeMX version: 6.11.0
2025-04-30 10:22:08,920 [ERROR] AppliInfo:139 - Unknown STM32CubeMX version: 6.11.0
2025-04-30 10:22:08,921 [ERROR] AppliInfo:139 - Unknown STM32CubeMX version: 6.11.0
2025-04-30 10:22:09,405 [ERROR] AppliInfo:139 - Unknown STM32CubeMX version: 6.12.0
2025-04-30 10:22:09,409 [ERROR] AppliInfo:139 - Unknown STM32CubeMX version: 6.12.0
2025-04-30 10:22:09,410 [ERROR] AppliInfo:139 - Unknown STM32CubeMX version: 6.12.0
2025-04-30 10:22:09,411 [ERROR] AppliInfo:139 - Unknown STM32CubeMX version: 6.11.0
2025-04-30 10:22:09,411 [ERROR] AppliInfo:139 - Unknown STM32CubeMX version: 6.11.0
2025-04-30 10:22:09,411 [ERROR] AppliInfo:139 - Unknown STM32CubeMX version: 6.11.0
2025-04-30 10:22:09,412 [ERROR] AppliInfo:139 - Unknown STM32CubeMX version: 6.11.0
2025-04-30 10:22:09,412 [ERROR] AppliInfo:139 - Unknown STM32CubeMX version: 6.11.0
2025-04-30 10:22:09,412 [ERROR] AppliInfo:139 - Unknown STM32CubeMX version: 6.11.0
2025-04-30 10:22:09,412 [ERROR] AppliInfo:139 - Unknown STM32CubeMX version: 6.11.0
2025-04-30 10:22:09,412 [ERROR] AppliInfo:139 - Unknown STM32CubeMX version: 6.11.0
2025-04-30 10:22:09,413 [ERROR] AppliInfo:139 - Unknown STM32CubeMX version: 6.11.0
2025-04-30 10:22:09,413 [ERROR] AppliInfo:139 - Unknown STM32CubeMX version: 6.11.0
2025-04-30 10:22:09,413 [ERROR] AppliInfo:139 - Unknown STM32CubeMX version: 6.11.0
2025-04-30 10:22:09,414 [ERROR] AppliInfo:139 - Unknown STM32CubeMX version: 6.11.0
2025-04-30 10:22:09,414 [ERROR] AppliInfo:139 - Unknown STM32CubeMX version: 6.11.0
2025-04-30 10:22:09,414 [ERROR] AppliInfo:139 - Unknown STM32CubeMX version: 6.11.0
2025-04-30 10:22:09,415 [ERROR] AppliInfo:139 - Unknown STM32CubeMX version: 6.11.0
2025-04-30 10:22:09,415 [ERROR] AppliInfo:139 - Unknown STM32CubeMX version: 6.11.0
2025-04-30 10:22:09,416 [ERROR] AppliInfo:139 - Unknown STM32CubeMX version: 6.11.0
2025-04-30 10:22:09,422 [ERROR] AppliInfo:139 - Unknown STM32CubeMX version: 6.11.0
2025-04-30 10:22:09,430 [ERROR] AppliInfo:139 - Unknown STM32CubeMX version: 6.11.0
2025-04-30 10:22:09,431 [ERROR] AppliInfo:139 - Unknown STM32CubeMX version: 6.11.0
2025-04-30 10:22:09,432 [ERROR] AppliInfo:139 - Unknown STM32CubeMX version: 6.11.0
2025-04-30 10:22:09,433 [ERROR] AppliInfo:139 - Unknown STM32CubeMX version: 6.11.0
2025-04-30 10:22:09,433 [ERROR] AppliInfo:139 - Unknown STM32CubeMX version: 6.11.0
2025-04-30 10:22:09,438 [ERROR] AppliInfo:139 - Unknown STM32CubeMX version: 6.11.0
2025-04-30 10:22:09,440 [ERROR] AppliInfo:139 - Unknown STM32CubeMX version: 6.11.0
2025-04-30 10:22:09,444 [ERROR] AppliInfo:139 - Unknown STM32CubeMX version: 6.11.0
2025-04-30 10:22:10,139 [ERROR] AppliInfo:139 - Unknown STM32CubeMX version: 6.12.0
2025-04-30 10:22:10,140 [ERROR] AppliInfo:139 - Unknown STM32CubeMX version: 6.11.0
2025-04-30 10:22:10,140 [ERROR] AppliInfo:139 - Unknown STM32CubeMX version: 6.12.0
2025-04-30 10:22:10,140 [ERROR] AppliInfo:139 - Unknown STM32CubeMX version: 6.12.0
2025-04-30 10:22:10,140 [ERROR] AppliInfo:139 - Unknown STM32CubeMX version: 6.12.0
2025-04-30 10:22:10,140 [ERROR] AppliInfo:139 - Unknown STM32CubeMX version: 6.12.0
2025-04-30 10:22:10,141 [ERROR] AppliInfo:139 - Unknown STM32CubeMX version: 6.12.0
2025-04-30 10:22:10,141 [ERROR] AppliInfo:139 - Unknown STM32CubeMX version: 6.12.0
2025-04-30 10:22:10,141 [ERROR] AppliInfo:139 - Unknown STM32CubeMX version: 6.11.0
2025-04-30 10:22:10,141 [ERROR] AppliInfo:139 - Unknown STM32CubeMX version: 6.11.0
2025-04-30 10:22:10,141 [ERROR] AppliInfo:139 - Unknown STM32CubeMX version: 6.11.0
2025-04-30 10:22:10,142 [ERROR] AppliInfo:139 - Unknown STM32CubeMX version: 6.11.0
2025-04-30 10:22:10,142 [ERROR] AppliInfo:139 - Unknown STM32CubeMX version: 6.11.0
2025-04-30 10:22:10,142 [ERROR] AppliInfo:139 - Unknown STM32CubeMX version: 6.11.0
2025-04-30 10:22:10,165 [ERROR] AppliInfo:139 - Unknown STM32CubeMX version: 6.11.0
2025-04-30 10:22:10,346 [ERROR] AppliInfo:139 - Unknown STM32CubeMX version: 6.11.0
2025-04-30 10:22:10,348 [ERROR] AppliInfo:139 - Unknown STM32CubeMX version: 6.11.0
2025-04-30 10:22:10,350 [ERROR] AppliInfo:139 - Unknown STM32CubeMX version: 6.11.0
2025-04-30 10:22:10,351 [ERROR] AppliInfo:139 - Unknown STM32CubeMX version: 6.11.0
2025-04-30 10:22:10,351 [ERROR] AppliInfo:139 - Unknown STM32CubeMX version: 6.11.0
2025-04-30 10:22:10,351 [ERROR] AppliInfo:139 - Unknown STM32CubeMX version: 6.11.0
2025-04-30 10:22:10,351 [ERROR] AppliInfo:139 - Unknown STM32CubeMX version: 6.11.0
2025-04-30 10:22:10,357 [ERROR] AppliInfo:139 - Unknown STM32CubeMX version: 6.11.0
2025-04-30 10:22:10,361 [ERROR] AppliInfo:139 - Unknown STM32CubeMX version: 6.11.0
2025-04-30 10:22:10,362 [ERROR] AppliInfo:139 - Unknown STM32CubeMX version: 6.11.0
2025-04-30 10:22:10,362 [ERROR] AppliInfo:139 - Unknown STM32CubeMX version: 6.11.0
2025-04-30 10:22:10,362 [ERROR] AppliInfo:139 - Unknown STM32CubeMX version: 6.11.0
2025-04-30 10:22:10,362 [ERROR] AppliInfo:139 - Unknown STM32CubeMX version: 6.11.0
2025-04-30 10:22:10,363 [ERROR] AppliInfo:139 - Unknown STM32CubeMX version: 6.11.0
2025-04-30 10:22:10,363 [ERROR] AppliInfo:139 - Unknown STM32CubeMX version: 6.11.0
2025-04-30 10:22:10,486 [ERROR] AppliInfo:139 - Unknown STM32CubeMX version: 6.11.0
2025-04-30 10:22:10,491 [ERROR] AppliInfo:139 - Unknown STM32CubeMX version: 6.11.0
2025-04-30 10:22:10,492 [ERROR] AppliInfo:139 - Unknown STM32CubeMX version: 6.11.0
2025-04-30 10:22:10,492 [ERROR] AppliInfo:139 - Unknown STM32CubeMX version: 6.11.0
2025-04-30 10:22:10,493 [ERROR] AppliInfo:139 - Unknown STM32CubeMX version: 6.11.0
2025-04-30 10:22:10,493 [ERROR] AppliInfo:139 - Unknown STM32CubeMX version: 6.11.0
2025-04-30 10:22:10,494 [ERROR] AppliInfo:139 - Unknown STM32CubeMX version: 6.11.0
2025-04-30 10:22:10,494 [ERROR] AppliInfo:139 - Unknown STM32CubeMX version: 6.11.0
2025-04-30 10:22:10,524 [ERROR] AppliInfo:139 - Unknown STM32CubeMX version: 6.11.0
2025-04-30 10:22:10,524 [ERROR] AppliInfo:139 - Unknown STM32CubeMX version: 6.11.0
2025-04-30 10:22:10,524 [ERROR] AppliInfo:139 - Unknown STM32CubeMX version: 6.11.0
2025-04-30 10:22:10,524 [ERROR] AppliInfo:139 - Unknown STM32CubeMX version: 6.11.0
2025-04-30 10:22:10,525 [ERROR] AppliInfo:139 - Unknown STM32CubeMX version: 6.11.0
2025-04-30 10:22:10,526 [ERROR] AppliInfo:139 - Unknown STM32CubeMX version: 6.11.0
2025-04-30 10:22:10,526 [ERROR] AppliInfo:139 - Unknown STM32CubeMX version: 6.11.0
2025-04-30 10:22:10,527 [ERROR] AppliInfo:139 - Unknown STM32CubeMX version: 6.11.0
2025-04-30 10:22:10,527 [ERROR] AppliInfo:139 - Unknown STM32CubeMX version: 6.11.0
2025-04-30 10:22:10,527 [ERROR] AppliInfo:139 - Unknown STM32CubeMX version: 6.11.0
2025-04-30 10:22:10,527 [ERROR] AppliInfo:139 - Unknown STM32CubeMX version: 6.11.0
2025-04-30 10:22:10,527 [ERROR] AppliInfo:139 - Unknown STM32CubeMX version: 6.11.0
2025-04-30 10:22:10,528 [ERROR] AppliInfo:139 - Unknown STM32CubeMX version: 6.11.0
2025-04-30 10:22:10,528 [ERROR] AppliInfo:139 - Unknown STM32CubeMX version: 6.11.0
2025-04-30 10:22:10,528 [ERROR] AppliInfo:139 - Unknown STM32CubeMX version: 6.11.0
2025-04-30 10:22:10,528 [ERROR] AppliInfo:139 - Unknown STM32CubeMX version: 6.11.0
2025-04-30 10:22:10,528 [ERROR] AppliInfo:139 - Unknown STM32CubeMX version: 6.11.0
2025-04-30 10:22:10,528 [ERROR] AppliInfo:139 - Unknown STM32CubeMX version: 6.11.0
2025-04-30 10:22:10,529 [ERROR] AppliInfo:139 - Unknown STM32CubeMX version: 6.11.0
2025-04-30 10:22:10,529 [ERROR] AppliInfo:139 - Unknown STM32CubeMX version: 6.11.0
2025-04-30 10:22:10,529 [ERROR] AppliInfo:139 - Unknown STM32CubeMX version: 6.11.0
2025-04-30 10:22:10,529 [ERROR] AppliInfo:139 - Unknown STM32CubeMX version: 6.11.0
2025-04-30 10:22:10,531 [ERROR] AppliInfo:139 - Unknown STM32CubeMX version: 6.11.0
2025-04-30 10:22:10,531 [ERROR] AppliInfo:139 - Unknown STM32CubeMX version: 6.11.0
2025-04-30 10:22:10,531 [ERROR] AppliInfo:139 - Unknown STM32CubeMX version: 6.11.0
2025-04-30 10:22:10,531 [ERROR] AppliInfo:139 - Unknown STM32CubeMX version: 6.11.0
2025-04-30 10:22:10,531 [ERROR] AppliInfo:139 - Unknown STM32CubeMX version: 6.11.0
2025-04-30 10:22:10,531 [ERROR] AppliInfo:139 - Unknown STM32CubeMX version: 6.11.0
2025-04-30 10:22:10,531 [ERROR] AppliInfo:139 - Unknown STM32CubeMX version: 6.11.0
2025-04-30 10:22:10,532 [ERROR] AppliInfo:139 - Unknown STM32CubeMX version: 6.11.0
2025-04-30 10:22:10,532 [ERROR] AppliInfo:139 - Unknown STM32CubeMX version: 6.11.0
2025-04-30 10:22:10,532 [ERROR] AppliInfo:139 - Unknown STM32CubeMX version: 6.11.0
2025-04-30 10:22:10,532 [ERROR] AppliInfo:139 - Unknown STM32CubeMX version: 6.11.0
2025-04-30 10:22:10,532 [ERROR] AppliInfo:139 - Unknown STM32CubeMX version: 6.11.0
2025-04-30 10:22:10,532 [ERROR] AppliInfo:139 - Unknown STM32CubeMX version: 6.11.0
2025-04-30 10:22:10,533 [ERROR] AppliInfo:139 - Unknown STM32CubeMX version: 6.11.0
2025-04-30 10:22:10,533 [ERROR] AppliInfo:139 - Unknown STM32CubeMX version: 6.11.0
2025-04-30 10:22:10,533 [ERROR] AppliInfo:139 - Unknown STM32CubeMX version: 6.11.0
2025-04-30 10:22:10,533 [ERROR] AppliInfo:139 - Unknown STM32CubeMX version: 6.11.0
2025-04-30 10:22:10,533 [ERROR] AppliInfo:139 - Unknown STM32CubeMX version: 6.11.0
2025-04-30 10:22:10,534 [ERROR] AppliInfo:139 - Unknown STM32CubeMX version: 6.11.0
2025-04-30 10:22:10,534 [ERROR] AppliInfo:139 - Unknown STM32CubeMX version: 6.11.0
2025-04-30 10:22:10,534 [ERROR] AppliInfo:139 - Unknown STM32CubeMX version: 6.11.0
2025-04-30 10:22:10,534 [ERROR] AppliInfo:139 - Unknown STM32CubeMX version: 6.11.0
2025-04-30 10:22:10,535 [ERROR] AppliInfo:139 - Unknown STM32CubeMX version: 6.11.0
2025-04-30 10:22:10,535 [ERROR] AppliInfo:139 - Unknown STM32CubeMX version: 6.11.0
2025-04-30 10:22:10,535 [ERROR] AppliInfo:139 - Unknown STM32CubeMX version: 6.11.0
2025-04-30 10:22:10,535 [ERROR] AppliInfo:139 - Unknown STM32CubeMX version: 6.11.0
2025-04-30 10:22:10,535 [ERROR] AppliInfo:139 - Unknown STM32CubeMX version: 6.11.0
2025-04-30 10:22:10,535 [ERROR] AppliInfo:139 - Unknown STM32CubeMX version: 6.11.0
2025-04-30 10:22:10,535 [ERROR] AppliInfo:139 - Unknown STM32CubeMX version: 6.11.0
2025-04-30 10:22:10,535 [ERROR] AppliInfo:139 - Unknown STM32CubeMX version: 6.11.0
2025-04-30 10:22:10,535 [ERROR] AppliInfo:139 - Unknown STM32CubeMX version: 6.11.0
2025-04-30 10:22:10,536 [ERROR] AppliInfo:139 - Unknown STM32CubeMX version: 6.11.0
2025-04-30 10:22:10,536 [ERROR] AppliInfo:139 - Unknown STM32CubeMX version: 6.11.0
2025-04-30 10:22:10,536 [ERROR] AppliInfo:139 - Unknown STM32CubeMX version: 6.11.0
2025-04-30 10:22:10,536 [ERROR] AppliInfo:139 - Unknown STM32CubeMX version: 6.11.0
2025-04-30 10:22:10,536 [ERROR] AppliInfo:139 - Unknown STM32CubeMX version: 6.11.0
2025-04-30 10:22:10,536 [ERROR] AppliInfo:139 - Unknown STM32CubeMX version: 6.11.0
2025-04-30 10:22:10,536 [ERROR] AppliInfo:139 - Unknown STM32CubeMX version: 6.11.0
2025-04-30 10:22:10,537 [ERROR] AppliInfo:139 - Unknown STM32CubeMX version: 6.11.0
2025-04-30 10:22:10,537 [ERROR] AppliInfo:139 - Unknown STM32CubeMX version: 6.11.0
2025-04-30 10:22:10,537 [ERROR] AppliInfo:139 - Unknown STM32CubeMX version: 6.11.0
2025-04-30 10:22:10,537 [ERROR] AppliInfo:139 - Unknown STM32CubeMX version: 6.11.0
2025-04-30 10:22:10,538 [ERROR] AppliInfo:139 - Unknown STM32CubeMX version: 6.11.0
2025-04-30 10:22:10,538 [ERROR] AppliInfo:139 - Unknown STM32CubeMX version: 6.11.0
2025-04-30 10:22:10,538 [ERROR] AppliInfo:139 - Unknown STM32CubeMX version: 6.11.0
2025-04-30 10:22:10,538 [ERROR] AppliInfo:139 - Unknown STM32CubeMX version: 6.11.0
2025-04-30 10:22:10,538 [ERROR] AppliInfo:139 - Unknown STM32CubeMX version: 6.11.0
2025-04-30 10:22:10,538 [ERROR] AppliInfo:139 - Unknown STM32CubeMX version: 6.11.0
2025-04-30 10:22:10,538 [ERROR] AppliInfo:139 - Unknown STM32CubeMX version: 6.11.0
2025-04-30 10:22:10,539 [ERROR] AppliInfo:139 - Unknown STM32CubeMX version: 6.11.0
2025-04-30 10:22:10,539 [ERROR] AppliInfo:139 - Unknown STM32CubeMX version: 6.11.0
2025-04-30 10:22:10,539 [ERROR] AppliInfo:139 - Unknown STM32CubeMX version: 6.11.0
2025-04-30 10:22:10,539 [ERROR] AppliInfo:139 - Unknown STM32CubeMX version: 6.12.0
2025-04-30 10:22:10,540 [ERROR] AppliInfo:139 - Unknown STM32CubeMX version: 6.11.0
2025-04-30 10:22:10,540 [ERROR] AppliInfo:139 - Unknown STM32CubeMX version: 6.11.0
2025-04-30 10:22:10,540 [ERROR] AppliInfo:139 - Unknown STM32CubeMX version: 6.11.0
2025-04-30 10:22:10,540 [ERROR] AppliInfo:139 - Unknown STM32CubeMX version: 6.11.0
2025-04-30 10:22:10,540 [ERROR] AppliInfo:139 - Unknown STM32CubeMX version: 6.11.0
2025-04-30 10:22:10,540 [ERROR] AppliInfo:139 - Unknown STM32CubeMX version: 6.11.0
2025-04-30 10:22:10,540 [ERROR] AppliInfo:139 - Unknown STM32CubeMX version: 6.11.0
2025-04-30 10:22:10,541 [ERROR] AppliInfo:139 - Unknown STM32CubeMX version: 6.11.0
2025-04-30 10:22:10,541 [ERROR] AppliInfo:139 - Unknown STM32CubeMX version: 6.11.0
2025-04-30 10:22:10,541 [ERROR] AppliInfo:139 - Unknown STM32CubeMX version: 6.11.0
2025-04-30 10:22:10,541 [ERROR] AppliInfo:139 - Unknown STM32CubeMX version: 6.11.0
2025-04-30 10:22:10,541 [ERROR] AppliInfo:139 - Unknown STM32CubeMX version: 6.11.0
2025-04-30 10:22:10,541 [ERROR] AppliInfo:139 - Unknown STM32CubeMX version: 6.11.0
2025-04-30 10:22:10,541 [ERROR] AppliInfo:139 - Unknown STM32CubeMX version: 6.11.0
2025-04-30 10:22:10,541 [ERROR] AppliInfo:139 - Unknown STM32CubeMX version: 6.11.0
2025-04-30 10:22:10,542 [ERROR] AppliInfo:139 - Unknown STM32CubeMX version: 6.11.0
2025-04-30 10:22:10,542 [ERROR] AppliInfo:139 - Unknown STM32CubeMX version: 6.11.0
2025-04-30 10:22:10,542 [ERROR] AppliInfo:139 - Unknown STM32CubeMX version: 6.11.0
2025-04-30 10:22:10,542 [ERROR] AppliInfo:139 - Unknown STM32CubeMX version: 6.11.0
2025-04-30 10:22:10,542 [ERROR] AppliInfo:139 - Unknown STM32CubeMX version: 6.11.0
2025-04-30 10:22:10,542 [ERROR] AppliInfo:139 - Unknown STM32CubeMX version: 6.11.0
2025-04-30 10:22:10,542 [ERROR] AppliInfo:139 - Unknown STM32CubeMX version: 6.11.0
2025-04-30 10:22:10,542 [ERROR] AppliInfo:139 - Unknown STM32CubeMX version: 6.11.0
2025-04-30 10:22:10,542 [ERROR] AppliInfo:139 - Unknown STM32CubeMX version: 6.11.0
2025-04-30 10:22:10,543 [ERROR] AppliInfo:139 - Unknown STM32CubeMX version: 6.11.0
2025-04-30 10:22:10,543 [ERROR] AppliInfo:139 - Unknown STM32CubeMX version: 6.11.0
2025-04-30 10:22:10,543 [ERROR] AppliInfo:139 - Unknown STM32CubeMX version: 6.11.0
2025-04-30 10:22:10,543 [ERROR] AppliInfo:139 - Unknown STM32CubeMX version: 6.11.0
2025-04-30 10:22:10,543 [ERROR] AppliInfo:139 - Unknown STM32CubeMX version: 6.11.0
2025-04-30 10:22:10,543 [ERROR] AppliInfo:139 - Unknown STM32CubeMX version: 6.11.0
2025-04-30 10:22:10,543 [ERROR] AppliInfo:139 - Unknown STM32CubeMX version: 6.11.0
2025-04-30 10:22:10,544 [ERROR] AppliInfo:139 - Unknown STM32CubeMX version: 6.11.0
2025-04-30 10:22:10,544 [ERROR] AppliInfo:139 - Unknown STM32CubeMX version: 6.11.0
2025-04-30 10:22:10,544 [ERROR] AppliInfo:139 - Unknown STM32CubeMX version: 6.11.0
2025-04-30 10:22:10,544 [ERROR] AppliInfo:139 - Unknown STM32CubeMX version: 6.11.0
2025-04-30 10:22:10,544 [ERROR] AppliInfo:139 - Unknown STM32CubeMX version: 6.11.0
2025-04-30 10:22:10,545 [ERROR] AppliInfo:139 - Unknown STM32CubeMX version: 6.11.0
2025-04-30 10:22:10,546 [ERROR] AppliInfo:139 - Unknown STM32CubeMX version: 6.11.0
2025-04-30 10:22:10,546 [ERROR] AppliInfo:139 - Unknown STM32CubeMX version: 6.11.0
2025-04-30 10:22:10,547 [ERROR] AppliInfo:139 - Unknown STM32CubeMX version: 6.11.0
2025-04-30 10:22:10,547 [ERROR] AppliInfo:139 - Unknown STM32CubeMX version: 6.12.0
2025-04-30 10:22:10,547 [ERROR] AppliInfo:139 - Unknown STM32CubeMX version: 6.12.0
2025-04-30 10:22:10,547 [ERROR] AppliInfo:139 - Unknown STM32CubeMX version: 6.12.0
2025-04-30 10:22:10,547 [ERROR] AppliInfo:139 - Unknown STM32CubeMX version: 6.12.0
2025-04-30 10:22:10,547 [ERROR] AppliInfo:139 - Unknown STM32CubeMX version: 6.11.0
2025-04-30 10:22:10,547 [ERROR] AppliInfo:139 - Unknown STM32CubeMX version: 6.11.0
2025-04-30 10:22:10,548 [ERROR] AppliInfo:139 - Unknown STM32CubeMX version: 6.11.0
2025-04-30 10:22:10,548 [ERROR] AppliInfo:139 - Unknown STM32CubeMX version: 6.11.0
2025-04-30 10:22:10,548 [ERROR] AppliInfo:139 - Unknown STM32CubeMX version: 6.11.0
2025-04-30 10:22:10,548 [ERROR] AppliInfo:139 - Unknown STM32CubeMX version: 6.11.0
2025-04-30 10:22:10,548 [ERROR] AppliInfo:139 - Unknown STM32CubeMX version: 6.11.0
2025-04-30 10:22:10,549 [ERROR] AppliInfo:139 - Unknown STM32CubeMX version: 6.11.0
2025-04-30 10:22:10,549 [ERROR] AppliInfo:139 - Unknown STM32CubeMX version: 6.11.0
2025-04-30 10:22:10,549 [ERROR] AppliInfo:139 - Unknown STM32CubeMX version: 6.11.0
2025-04-30 10:22:10,549 [ERROR] AppliInfo:139 - Unknown STM32CubeMX version: 6.11.0
2025-04-30 10:22:10,549 [ERROR] AppliInfo:139 - Unknown STM32CubeMX version: 6.11.0
2025-04-30 10:22:10,549 [ERROR] AppliInfo:139 - Unknown STM32CubeMX version: 6.11.0
2025-04-30 10:22:10,549 [ERROR] AppliInfo:139 - Unknown STM32CubeMX version: 6.11.0
2025-04-30 10:22:10,549 [ERROR] AppliInfo:139 - Unknown STM32CubeMX version: 6.11.0
2025-04-30 10:22:10,549 [ERROR] AppliInfo:139 - Unknown STM32CubeMX version: 6.11.0
2025-04-30 10:22:10,550 [ERROR] AppliInfo:139 - Unknown STM32CubeMX version: 6.11.0
2025-04-30 10:22:10,550 [ERROR] AppliInfo:139 - Unknown STM32CubeMX version: 6.11.0
2025-04-30 10:22:10,550 [ERROR] AppliInfo:139 - Unknown STM32CubeMX version: 6.11.0
2025-04-30 10:22:10,550 [ERROR] AppliInfo:139 - Unknown STM32CubeMX version: 6.11.0
2025-04-30 10:22:10,550 [ERROR] AppliInfo:139 - Unknown STM32CubeMX version: 6.11.0
2025-04-30 10:22:10,550 [ERROR] AppliInfo:139 - Unknown STM32CubeMX version: 6.11.0
2025-04-30 10:22:10,550 [ERROR] AppliInfo:139 - Unknown STM32CubeMX version: 6.11.0
2025-04-30 10:22:10,550 [ERROR] AppliInfo:139 - Unknown STM32CubeMX version: 6.11.0
2025-04-30 10:22:10,550 [ERROR] AppliInfo:139 - Unknown STM32CubeMX version: 6.11.0
2025-04-30 10:22:10,550 [ERROR] AppliInfo:139 - Unknown STM32CubeMX version: 6.11.0
2025-04-30 10:22:10,551 [ERROR] AppliInfo:139 - Unknown STM32CubeMX version: 6.11.0
2025-04-30 10:22:10,551 [ERROR] AppliInfo:139 - Unknown STM32CubeMX version: 6.12.0
2025-04-30 10:22:10,551 [ERROR] AppliInfo:139 - Unknown STM32CubeMX version: 6.11.0
2025-04-30 10:22:10,551 [ERROR] AppliInfo:139 - Unknown STM32CubeMX version: 6.11.0
2025-04-30 10:22:10,551 [ERROR] AppliInfo:139 - Unknown STM32CubeMX version: 6.12.0
2025-04-30 10:22:10,551 [ERROR] AppliInfo:139 - Unknown STM32CubeMX version: 6.12.0
2025-04-30 10:22:10,551 [ERROR] AppliInfo:139 - Unknown STM32CubeMX version: 6.12.0
2025-04-30 10:22:10,551 [ERROR] AppliInfo:139 - Unknown STM32CubeMX version: 6.11.0
2025-04-30 10:22:10,551 [ERROR] AppliInfo:139 - Unknown STM32CubeMX version: 6.11.0
2025-04-30 10:22:10,552 [ERROR] AppliInfo:139 - Unknown STM32CubeMX version: 6.11.0
2025-04-30 10:22:10,552 [ERROR] AppliInfo:139 - Unknown STM32CubeMX version: 6.11.0
2025-04-30 10:22:10,552 [ERROR] AppliInfo:139 - Unknown STM32CubeMX version: 6.11.0
2025-04-30 10:22:10,552 [ERROR] AppliInfo:139 - Unknown STM32CubeMX version: 6.11.0
2025-04-30 10:22:10,552 [ERROR] AppliInfo:139 - Unknown STM32CubeMX version: 6.11.0
2025-04-30 10:22:10,552 [ERROR] AppliInfo:139 - Unknown STM32CubeMX version: 6.11.0
2025-04-30 10:22:10,552 [ERROR] AppliInfo:139 - Unknown STM32CubeMX version: 6.11.0
2025-04-30 10:22:10,553 [ERROR] AppliInfo:139 - Unknown STM32CubeMX version: 6.11.0
2025-04-30 10:22:10,553 [ERROR] AppliInfo:139 - Unknown STM32CubeMX version: 6.11.0
2025-04-30 10:22:10,553 [ERROR] AppliInfo:139 - Unknown STM32CubeMX version: 6.11.0
2025-04-30 10:22:10,553 [ERROR] AppliInfo:139 - Unknown STM32CubeMX version: 6.11.0
2025-04-30 10:22:10,553 [ERROR] AppliInfo:139 - Unknown STM32CubeMX version: 6.11.0
2025-04-30 10:22:10,553 [ERROR] AppliInfo:139 - Unknown STM32CubeMX version: 6.11.0
2025-04-30 10:22:10,554 [ERROR] AppliInfo:139 - Unknown STM32CubeMX version: 6.11.0
2025-04-30 10:22:10,555 [ERROR] AppliInfo:139 - Unknown STM32CubeMX version: 6.11.0
2025-04-30 10:22:10,555 [ERROR] AppliInfo:139 - Unknown STM32CubeMX version: 6.11.0
2025-04-30 10:22:10,556 [ERROR] AppliInfo:139 - Unknown STM32CubeMX version: 6.11.0
2025-04-30 10:22:10,556 [ERROR] AppliInfo:139 - Unknown STM32CubeMX version: 6.11.0
2025-04-30 10:22:10,556 [ERROR] AppliInfo:139 - Unknown STM32CubeMX version: 6.11.0
2025-04-30 10:22:10,556 [ERROR] AppliInfo:139 - Unknown STM32CubeMX version: 6.11.0
2025-04-30 10:22:10,556 [ERROR] AppliInfo:139 - Unknown STM32CubeMX version: 6.11.0
2025-04-30 10:22:10,557 [ERROR] AppliInfo:139 - Unknown STM32CubeMX version: 6.11.0
2025-04-30 10:22:10,557 [ERROR] AppliInfo:139 - Unknown STM32CubeMX version: 6.11.0
2025-04-30 10:22:10,557 [ERROR] AppliInfo:139 - Unknown STM32CubeMX version: 6.12.0
2025-04-30 10:22:10,557 [ERROR] AppliInfo:139 - Unknown STM32CubeMX version: 6.11.0
2025-04-30 10:22:10,557 [ERROR] AppliInfo:139 - Unknown STM32CubeMX version: 6.12.0
2025-04-30 10:22:10,557 [ERROR] AppliInfo:139 - Unknown STM32CubeMX version: 6.12.0
2025-04-30 10:22:10,557 [ERROR] AppliInfo:139 - Unknown STM32CubeMX version: 6.12.0
2025-04-30 10:22:10,557 [ERROR] AppliInfo:139 - Unknown STM32CubeMX version: 6.12.0
2025-04-30 10:22:10,558 [ERROR] AppliInfo:139 - Unknown STM32CubeMX version: 6.12.0
2025-04-30 10:22:10,558 [ERROR] AppliInfo:139 - Unknown STM32CubeMX version: 6.12.0
2025-04-30 10:22:10,558 [ERROR] AppliInfo:139 - Unknown STM32CubeMX version: 6.12.0
2025-04-30 10:22:10,558 [ERROR] AppliInfo:139 - Unknown STM32CubeMX version: 6.11.0
2025-04-30 10:22:10,558 [ERROR] AppliInfo:139 - Unknown STM32CubeMX version: 6.12.0
2025-04-30 10:22:10,558 [ERROR] AppliInfo:139 - Unknown STM32CubeMX version: 6.12.0
2025-04-30 10:22:10,558 [ERROR] AppliInfo:139 - Unknown STM32CubeMX version: 6.12.0
2025-04-30 10:22:10,559 [ERROR] AppliInfo:139 - Unknown STM32CubeMX version: 6.12.0
2025-04-30 10:22:11,286 [ERROR] AppliInfo:139 - Unknown STM32CubeMX version: 6.11.0
2025-04-30 10:22:11,287 [ERROR] AppliInfo:139 - Unknown STM32CubeMX version: 6.11.0
2025-04-30 10:22:11,287 [ERROR] AppliInfo:139 - Unknown STM32CubeMX version: 6.11.0
2025-04-30 10:22:11,287 [ERROR] AppliInfo:139 - Unknown STM32CubeMX version: 6.11.0
2025-04-30 10:22:11,288 [ERROR] AppliInfo:139 - Unknown STM32CubeMX version: 6.11.0
2025-04-30 10:22:11,288 [ERROR] AppliInfo:139 - Unknown STM32CubeMX version: 6.11.0
2025-04-30 10:22:11,288 [ERROR] AppliInfo:139 - Unknown STM32CubeMX version: 6.11.0
2025-04-30 10:22:11,288 [ERROR] AppliInfo:139 - Unknown STM32CubeMX version: 6.11.0
2025-04-30 10:22:11,288 [ERROR] AppliInfo:139 - Unknown STM32CubeMX version: 6.11.0
2025-04-30 10:22:11,288 [ERROR] AppliInfo:139 - Unknown STM32CubeMX version: 6.11.0
2025-04-30 10:22:11,288 [ERROR] AppliInfo:139 - Unknown STM32CubeMX version: 6.11.0
2025-04-30 10:22:11,288 [ERROR] AppliInfo:139 - Unknown STM32CubeMX version: 6.11.0
2025-04-30 10:22:11,289 [ERROR] AppliInfo:139 - Unknown STM32CubeMX version: 6.11.0
2025-04-30 10:22:11,289 [ERROR] AppliInfo:139 - Unknown STM32CubeMX version: 6.11.0
2025-04-30 10:22:11,289 [ERROR] AppliInfo:139 - Unknown STM32CubeMX version: 6.11.0
2025-04-30 10:22:11,289 [ERROR] AppliInfo:139 - Unknown STM32CubeMX version: 6.11.0
2025-04-30 10:22:11,289 [ERROR] AppliInfo:139 - Unknown STM32CubeMX version: 6.11.0
2025-04-30 10:22:11,290 [ERROR] AppliInfo:139 - Unknown STM32CubeMX version: 6.11.0
2025-04-30 10:22:11,290 [ERROR] AppliInfo:139 - Unknown STM32CubeMX version: 6.11.0
2025-04-30 10:22:11,290 [ERROR] AppliInfo:139 - Unknown STM32CubeMX version: 6.11.0
2025-04-30 10:22:11,290 [ERROR] AppliInfo:139 - Unknown STM32CubeMX version: 6.11.0
2025-04-30 10:22:11,290 [ERROR] AppliInfo:139 - Unknown STM32CubeMX version: 6.11.0
2025-04-30 10:22:11,290 [ERROR] AppliInfo:139 - Unknown STM32CubeMX version: 6.11.0
2025-04-30 10:22:11,291 [ERROR] AppliInfo:139 - Unknown STM32CubeMX version: 6.11.0
2025-04-30 10:22:11,291 [ERROR] AppliInfo:139 - Unknown STM32CubeMX version: 6.11.0
2025-04-30 10:22:11,291 [ERROR] AppliInfo:139 - Unknown STM32CubeMX version: 6.11.0
2025-04-30 10:22:11,291 [ERROR] AppliInfo:139 - Unknown STM32CubeMX version: 6.11.0
2025-04-30 10:22:11,291 [ERROR] AppliInfo:139 - Unknown STM32CubeMX version: 6.11.0
2025-04-30 10:22:11,291 [ERROR] AppliInfo:139 - Unknown STM32CubeMX version: 6.11.0
2025-04-30 10:22:11,292 [ERROR] AppliInfo:139 - Unknown STM32CubeMX version: 6.11.0
2025-04-30 10:22:11,292 [ERROR] AppliInfo:139 - Unknown STM32CubeMX version: 6.11.0
2025-04-30 10:22:11,292 [ERROR] AppliInfo:139 - Unknown STM32CubeMX version: 6.11.0
2025-04-30 10:22:11,292 [ERROR] AppliInfo:139 - Unknown STM32CubeMX version: 6.11.0
2025-04-30 10:22:11,292 [ERROR] AppliInfo:139 - Unknown STM32CubeMX version: 6.11.0
2025-04-30 10:22:11,293 [ERROR] AppliInfo:139 - Unknown STM32CubeMX version: 6.11.0
2025-04-30 10:22:11,293 [ERROR] AppliInfo:139 - Unknown STM32CubeMX version: 6.11.0
2025-04-30 10:22:11,293 [ERROR] AppliInfo:139 - Unknown STM32CubeMX version: 6.11.0
2025-04-30 10:22:11,293 [ERROR] AppliInfo:139 - Unknown STM32CubeMX version: 6.11.0
2025-04-30 10:22:11,293 [ERROR] AppliInfo:139 - Unknown STM32CubeMX version: 6.11.0
2025-04-30 10:22:11,294 [ERROR] AppliInfo:139 - Unknown STM32CubeMX version: 6.11.0
2025-04-30 10:22:11,294 [ERROR] AppliInfo:139 - Unknown STM32CubeMX version: 6.11.0
2025-04-30 10:22:11,294 [ERROR] AppliInfo:139 - Unknown STM32CubeMX version: 6.11.0
2025-04-30 10:22:11,294 [ERROR] AppliInfo:139 - Unknown STM32CubeMX version: 6.11.0
2025-04-30 10:22:11,294 [ERROR] AppliInfo:139 - Unknown STM32CubeMX version: 6.11.0
2025-04-30 10:22:11,294 [ERROR] AppliInfo:139 - Unknown STM32CubeMX version: 6.11.0
2025-04-30 10:22:11,294 [ERROR] AppliInfo:139 - Unknown STM32CubeMX version: 6.11.0
2025-04-30 10:22:11,295 [ERROR] AppliInfo:139 - Unknown STM32CubeMX version: 6.11.0
2025-04-30 10:22:11,295 [ERROR] AppliInfo:139 - Unknown STM32CubeMX version: 6.11.0
2025-04-30 10:22:11,295 [ERROR] AppliInfo:139 - Unknown STM32CubeMX version: 6.11.0
2025-04-30 10:22:11,295 [ERROR] AppliInfo:139 - Unknown STM32CubeMX version: 6.11.0
2025-04-30 10:22:11,295 [ERROR] AppliInfo:139 - Unknown STM32CubeMX version: 6.11.0
2025-04-30 10:22:11,295 [ERROR] AppliInfo:139 - Unknown STM32CubeMX version: 6.11.0
2025-04-30 10:22:11,295 [ERROR] AppliInfo:139 - Unknown STM32CubeMX version: 6.11.0
2025-04-30 10:22:11,296 [ERROR] AppliInfo:139 - Unknown STM32CubeMX version: 6.11.0
2025-04-30 10:22:11,296 [ERROR] AppliInfo:139 - Unknown STM32CubeMX version: 6.11.0
2025-04-30 10:22:11,296 [ERROR] AppliInfo:139 - Unknown STM32CubeMX version: 6.11.0
2025-04-30 10:22:11,296 [ERROR] AppliInfo:139 - Unknown STM32CubeMX version: 6.11.0
2025-04-30 10:22:11,296 [ERROR] AppliInfo:139 - Unknown STM32CubeMX version: 6.11.0
2025-04-30 10:22:11,297 [ERROR] AppliInfo:139 - Unknown STM32CubeMX version: 6.11.0
2025-04-30 10:22:11,302 [ERROR] AppliInfo:139 - Unknown STM32CubeMX version: 6.11.0
2025-04-30 10:22:11,303 [ERROR] AppliInfo:139 - Unknown STM32CubeMX version: 6.11.0
2025-04-30 10:22:11,303 [ERROR] AppliInfo:139 - Unknown STM32CubeMX version: 6.11.0
2025-04-30 10:22:11,303 [ERROR] AppliInfo:139 - Unknown STM32CubeMX version: 6.11.0
2025-04-30 10:22:11,304 [ERROR] AppliInfo:139 - Unknown STM32CubeMX version: 6.11.0
2025-04-30 10:22:11,304 [ERROR] AppliInfo:139 - Unknown STM32CubeMX version: 6.11.0
2025-04-30 10:22:11,304 [ERROR] AppliInfo:139 - Unknown STM32CubeMX version: 6.11.0
2025-04-30 10:22:11,305 [ERROR] AppliInfo:139 - Unknown STM32CubeMX version: 6.11.0
2025-04-30 10:22:11,305 [ERROR] AppliInfo:139 - Unknown STM32CubeMX version: 6.11.0
2025-04-30 10:22:11,305 [ERROR] AppliInfo:139 - Unknown STM32CubeMX version: 6.11.0
2025-04-30 10:22:11,306 [ERROR] AppliInfo:139 - Unknown STM32CubeMX version: 6.11.0
2025-04-30 10:22:11,306 [ERROR] AppliInfo:139 - Unknown STM32CubeMX version: 6.11.0
2025-04-30 10:22:11,306 [ERROR] AppliInfo:139 - Unknown STM32CubeMX version: 6.11.0
2025-04-30 10:22:11,306 [ERROR] AppliInfo:139 - Unknown STM32CubeMX version: 6.11.0
2025-04-30 10:22:11,306 [ERROR] AppliInfo:139 - Unknown STM32CubeMX version: 6.11.0
2025-04-30 10:22:11,306 [ERROR] AppliInfo:139 - Unknown STM32CubeMX version: 6.11.0
2025-04-30 10:22:11,306 [ERROR] AppliInfo:139 - Unknown STM32CubeMX version: 6.11.0
2025-04-30 10:22:11,307 [ERROR] AppliInfo:139 - Unknown STM32CubeMX version: 6.11.0
2025-04-30 10:22:11,307 [ERROR] AppliInfo:139 - Unknown STM32CubeMX version: 6.11.0
2025-04-30 10:22:11,307 [ERROR] AppliInfo:139 - Unknown STM32CubeMX version: 6.11.0
2025-04-30 10:22:11,307 [ERROR] AppliInfo:139 - Unknown STM32CubeMX version: 6.11.0
2025-04-30 10:22:11,307 [ERROR] AppliInfo:139 - Unknown STM32CubeMX version: 6.11.0
2025-04-30 10:22:11,307 [ERROR] AppliInfo:139 - Unknown STM32CubeMX version: 6.11.0
2025-04-30 10:22:11,307 [ERROR] AppliInfo:139 - Unknown STM32CubeMX version: 6.11.0
2025-04-30 10:22:11,308 [ERROR] AppliInfo:139 - Unknown STM32CubeMX version: 6.11.0
2025-04-30 10:22:11,308 [ERROR] AppliInfo:139 - Unknown STM32CubeMX version: 6.11.0
2025-04-30 10:22:11,308 [ERROR] AppliInfo:139 - Unknown STM32CubeMX version: 6.11.0
2025-04-30 10:22:11,308 [ERROR] AppliInfo:139 - Unknown STM32CubeMX version: 6.11.0
2025-04-30 10:22:11,308 [ERROR] AppliInfo:139 - Unknown STM32CubeMX version: 6.11.0
2025-04-30 10:22:11,308 [ERROR] AppliInfo:139 - Unknown STM32CubeMX version: 6.11.0
2025-04-30 10:22:11,308 [ERROR] AppliInfo:139 - Unknown STM32CubeMX version: 6.11.0
2025-04-30 10:22:11,309 [ERROR] AppliInfo:139 - Unknown STM32CubeMX version: 6.11.0
2025-04-30 10:22:11,309 [ERROR] AppliInfo:139 - Unknown STM32CubeMX version: 6.11.0
2025-04-30 10:22:11,309 [ERROR] AppliInfo:139 - Unknown STM32CubeMX version: 6.11.0
2025-04-30 10:22:11,309 [ERROR] AppliInfo:139 - Unknown STM32CubeMX version: 6.11.0
2025-04-30 10:22:11,309 [ERROR] AppliInfo:139 - Unknown STM32CubeMX version: 6.11.0
2025-04-30 10:22:11,309 [ERROR] AppliInfo:139 - Unknown STM32CubeMX version: 6.11.0
2025-04-30 10:22:11,309 [ERROR] AppliInfo:139 - Unknown STM32CubeMX version: 6.11.0
2025-04-30 10:22:11,309 [ERROR] AppliInfo:139 - Unknown STM32CubeMX version: 6.11.0
2025-04-30 10:22:11,310 [ERROR] AppliInfo:139 - Unknown STM32CubeMX version: 6.11.0
2025-04-30 10:22:11,310 [ERROR] AppliInfo:139 - Unknown STM32CubeMX version: 6.11.0
2025-04-30 10:22:11,310 [ERROR] AppliInfo:139 - Unknown STM32CubeMX version: 6.11.0
2025-04-30 10:22:11,310 [ERROR] AppliInfo:139 - Unknown STM32CubeMX version: 6.11.0
2025-04-30 10:22:11,310 [ERROR] AppliInfo:139 - Unknown STM32CubeMX version: 6.11.0
2025-04-30 10:22:11,311 [ERROR] AppliInfo:139 - Unknown STM32CubeMX version: 6.11.0
2025-04-30 10:22:11,311 [ERROR] AppliInfo:139 - Unknown STM32CubeMX version: 6.11.0
2025-04-30 10:22:11,311 [ERROR] AppliInfo:139 - Unknown STM32CubeMX version: 6.11.0
2025-04-30 10:22:11,311 [ERROR] AppliInfo:139 - Unknown STM32CubeMX version: 6.11.0
2025-04-30 10:22:11,311 [ERROR] AppliInfo:139 - Unknown STM32CubeMX version: 6.11.0
2025-04-30 10:22:11,312 [ERROR] AppliInfo:139 - Unknown STM32CubeMX version: 6.11.0
2025-04-30 10:22:11,312 [ERROR] AppliInfo:139 - Unknown STM32CubeMX version: 6.11.0
2025-04-30 10:22:11,312 [ERROR] AppliInfo:139 - Unknown STM32CubeMX version: 6.11.0
2025-04-30 10:22:11,312 [ERROR] AppliInfo:139 - Unknown STM32CubeMX version: 6.11.0
2025-04-30 10:22:11,312 [ERROR] AppliInfo:139 - Unknown STM32CubeMX version: 6.11.0
2025-04-30 10:22:11,312 [ERROR] AppliInfo:139 - Unknown STM32CubeMX version: 6.11.0
2025-04-30 10:22:11,312 [ERROR] AppliInfo:139 - Unknown STM32CubeMX version: 6.11.0
2025-04-30 10:22:11,312 [ERROR] AppliInfo:139 - Unknown STM32CubeMX version: 6.11.0
2025-04-30 10:22:11,313 [ERROR] AppliInfo:139 - Unknown STM32CubeMX version: 6.11.0
2025-04-30 10:22:11,313 [ERROR] AppliInfo:139 - Unknown STM32CubeMX version: 6.11.0
2025-04-30 10:22:11,313 [ERROR] AppliInfo:139 - Unknown STM32CubeMX version: 6.11.0
2025-04-30 10:22:11,313 [ERROR] AppliInfo:139 - Unknown STM32CubeMX version: 6.11.0
2025-04-30 10:22:11,313 [ERROR] AppliInfo:139 - Unknown STM32CubeMX version: 6.11.0
2025-04-30 10:22:11,313 [ERROR] AppliInfo:139 - Unknown STM32CubeMX version: 6.11.0
2025-04-30 10:22:11,313 [ERROR] AppliInfo:139 - Unknown STM32CubeMX version: 6.11.0
2025-04-30 10:22:11,314 [ERROR] AppliInfo:139 - Unknown STM32CubeMX version: 6.11.0
2025-04-30 10:22:11,314 [ERROR] AppliInfo:139 - Unknown STM32CubeMX version: 6.11.0
2025-04-30 10:22:11,316 [ERROR] AppliInfo:139 - Unknown STM32CubeMX version: 6.11.0
2025-04-30 10:22:11,316 [ERROR] AppliInfo:139 - Unknown STM32CubeMX version: 6.11.0
2025-04-30 10:22:11,316 [ERROR] AppliInfo:139 - Unknown STM32CubeMX version: 6.11.0
2025-04-30 10:22:11,316 [ERROR] AppliInfo:139 - Unknown STM32CubeMX version: 6.11.0
2025-04-30 10:22:11,317 [ERROR] AppliInfo:139 - Unknown STM32CubeMX version: 6.11.0
2025-04-30 10:22:11,317 [ERROR] AppliInfo:139 - Unknown STM32CubeMX version: 6.11.0
2025-04-30 10:22:11,317 [ERROR] AppliInfo:139 - Unknown STM32CubeMX version: 6.11.0
2025-04-30 10:22:11,317 [ERROR] AppliInfo:139 - Unknown STM32CubeMX version: 6.11.0
2025-04-30 10:22:11,317 [ERROR] AppliInfo:139 - Unknown STM32CubeMX version: 6.11.0
2025-04-30 10:22:11,318 [ERROR] AppliInfo:139 - Unknown STM32CubeMX version: 6.11.0
2025-04-30 10:22:11,318 [ERROR] AppliInfo:139 - Unknown STM32CubeMX version: 6.11.0
2025-04-30 10:22:11,318 [ERROR] AppliInfo:139 - Unknown STM32CubeMX version: 6.11.0
2025-04-30 10:22:11,319 [ERROR] AppliInfo:139 - Unknown STM32CubeMX version: 6.11.0
2025-04-30 10:22:11,319 [ERROR] AppliInfo:139 - Unknown STM32CubeMX version: 6.11.0
2025-04-30 10:22:11,319 [ERROR] AppliInfo:139 - Unknown STM32CubeMX version: 6.11.0
2025-04-30 10:22:11,319 [ERROR] AppliInfo:139 - Unknown STM32CubeMX version: 6.11.0
2025-04-30 10:22:11,319 [ERROR] AppliInfo:139 - Unknown STM32CubeMX version: 6.11.0
2025-04-30 10:22:11,319 [ERROR] AppliInfo:139 - Unknown STM32CubeMX version: 6.11.0
2025-04-30 10:22:11,320 [ERROR] AppliInfo:139 - Unknown STM32CubeMX version: 6.11.0
2025-04-30 10:22:11,320 [ERROR] AppliInfo:139 - Unknown STM32CubeMX version: 6.11.0
2025-04-30 10:22:11,320 [ERROR] AppliInfo:139 - Unknown STM32CubeMX version: 6.11.0
2025-04-30 10:22:11,320 [ERROR] AppliInfo:139 - Unknown STM32CubeMX version: 6.11.0
2025-04-30 10:22:11,320 [ERROR] AppliInfo:139 - Unknown STM32CubeMX version: 6.11.0
2025-04-30 10:22:11,320 [ERROR] AppliInfo:139 - Unknown STM32CubeMX version: 6.11.0
2025-04-30 10:22:11,321 [ERROR] AppliInfo:139 - Unknown STM32CubeMX version: 6.11.0
2025-04-30 10:22:11,321 [ERROR] AppliInfo:139 - Unknown STM32CubeMX version: 6.11.0
2025-04-30 10:22:11,321 [ERROR] AppliInfo:139 - Unknown STM32CubeMX version: 6.11.0
2025-04-30 10:22:11,321 [ERROR] AppliInfo:139 - Unknown STM32CubeMX version: 6.11.0
2025-04-30 10:22:11,321 [ERROR] AppliInfo:139 - Unknown STM32CubeMX version: 6.11.0
2025-04-30 10:22:11,321 [ERROR] AppliInfo:139 - Unknown STM32CubeMX version: 6.11.0
2025-04-30 10:22:11,322 [ERROR] AppliInfo:139 - Unknown STM32CubeMX version: 6.11.0
2025-04-30 10:22:11,322 [ERROR] AppliInfo:139 - Unknown STM32CubeMX version: 6.11.0
2025-04-30 10:22:11,322 [ERROR] AppliInfo:139 - Unknown STM32CubeMX version: 6.11.0
2025-04-30 10:22:11,322 [ERROR] AppliInfo:139 - Unknown STM32CubeMX version: 6.11.0
2025-04-30 10:22:11,322 [ERROR] AppliInfo:139 - Unknown STM32CubeMX version: 6.11.0
2025-04-30 10:22:11,322 [ERROR] AppliInfo:139 - Unknown STM32CubeMX version: 6.11.0
2025-04-30 10:22:11,323 [ERROR] AppliInfo:139 - Unknown STM32CubeMX version: 6.11.0
2025-04-30 10:22:11,323 [ERROR] AppliInfo:139 - Unknown STM32CubeMX version: 6.11.0
2025-04-30 10:22:11,323 [ERROR] AppliInfo:139 - Unknown STM32CubeMX version: 6.11.0
2025-04-30 10:22:11,323 [ERROR] AppliInfo:139 - Unknown STM32CubeMX version: 6.11.0
2025-04-30 10:22:11,323 [ERROR] AppliInfo:139 - Unknown STM32CubeMX version: 6.11.0
2025-04-30 10:22:11,323 [ERROR] AppliInfo:139 - Unknown STM32CubeMX version: 6.11.0
2025-04-30 10:22:11,324 [ERROR] AppliInfo:139 - Unknown STM32CubeMX version: 6.11.0
2025-04-30 10:22:11,324 [ERROR] AppliInfo:139 - Unknown STM32CubeMX version: 6.11.0
2025-04-30 10:22:11,324 [ERROR] AppliInfo:139 - Unknown STM32CubeMX version: 6.11.0
2025-04-30 10:22:11,324 [ERROR] AppliInfo:139 - Unknown STM32CubeMX version: 6.11.0
2025-04-30 10:22:11,324 [ERROR] AppliInfo:139 - Unknown STM32CubeMX version: 6.11.0
2025-04-30 10:22:11,324 [ERROR] AppliInfo:139 - Unknown STM32CubeMX version: 6.11.0
2025-04-30 10:22:11,324 [ERROR] AppliInfo:139 - Unknown STM32CubeMX version: 6.11.0
2025-04-30 10:22:11,325 [ERROR] AppliInfo:139 - Unknown STM32CubeMX version: 6.11.0
2025-04-30 10:22:11,325 [ERROR] AppliInfo:139 - Unknown STM32CubeMX version: 6.11.0
2025-04-30 10:22:11,325 [ERROR] AppliInfo:139 - Unknown STM32CubeMX version: 6.11.0
2025-04-30 10:22:11,325 [ERROR] AppliInfo:139 - Unknown STM32CubeMX version: 6.11.0
2025-04-30 10:22:11,325 [ERROR] AppliInfo:139 - Unknown STM32CubeMX version: 6.11.0
2025-04-30 10:22:11,325 [ERROR] AppliInfo:139 - Unknown STM32CubeMX version: 6.11.0
2025-04-30 10:22:11,325 [ERROR] AppliInfo:139 - Unknown STM32CubeMX version: 6.11.0
2025-04-30 10:22:11,325 [ERROR] AppliInfo:139 - Unknown STM32CubeMX version: 6.11.0
2025-04-30 10:22:11,326 [ERROR] AppliInfo:139 - Unknown STM32CubeMX version: 6.11.0
2025-04-30 10:22:11,326 [ERROR] AppliInfo:139 - Unknown STM32CubeMX version: 6.11.0
2025-04-30 10:22:11,326 [ERROR] AppliInfo:139 - Unknown STM32CubeMX version: 6.11.0
2025-04-30 10:22:11,326 [ERROR] AppliInfo:139 - Unknown STM32CubeMX version: 6.11.0
2025-04-30 10:22:11,326 [ERROR] AppliInfo:139 - Unknown STM32CubeMX version: 6.11.0
2025-04-30 10:22:11,326 [ERROR] AppliInfo:139 - Unknown STM32CubeMX version: 6.11.0
2025-04-30 10:22:11,326 [ERROR] AppliInfo:139 - Unknown STM32CubeMX version: 6.11.0
2025-04-30 10:22:11,326 [ERROR] AppliInfo:139 - Unknown STM32CubeMX version: 6.11.0
2025-04-30 10:22:11,327 [ERROR] AppliInfo:139 - Unknown STM32CubeMX version: 6.11.0
2025-04-30 10:22:11,327 [ERROR] AppliInfo:139 - Unknown STM32CubeMX version: 6.11.0
2025-04-30 10:22:11,327 [ERROR] AppliInfo:139 - Unknown STM32CubeMX version: 6.11.0
2025-04-30 10:22:11,327 [ERROR] AppliInfo:139 - Unknown STM32CubeMX version: 6.11.0
2025-04-30 10:22:11,327 [ERROR] AppliInfo:139 - Unknown STM32CubeMX version: 6.11.0
2025-04-30 10:22:11,328 [ERROR] AppliInfo:139 - Unknown STM32CubeMX version: 6.11.0
2025-04-30 10:22:11,328 [ERROR] AppliInfo:139 - Unknown STM32CubeMX version: 6.11.0
2025-04-30 10:22:11,328 [ERROR] AppliInfo:139 - Unknown STM32CubeMX version: 6.11.0
2025-04-30 10:22:11,328 [ERROR] AppliInfo:139 - Unknown STM32CubeMX version: 6.11.0
2025-04-30 10:22:11,328 [ERROR] AppliInfo:139 - Unknown STM32CubeMX version: 6.12.0
2025-04-30 10:22:11,328 [ERROR] AppliInfo:139 - Unknown STM32CubeMX version: 6.11.0
2025-04-30 10:22:11,329 [ERROR] AppliInfo:139 - Unknown STM32CubeMX version: 6.11.0
2025-04-30 10:22:11,329 [ERROR] AppliInfo:139 - Unknown STM32CubeMX version: 6.11.0
2025-04-30 10:22:11,329 [ERROR] AppliInfo:139 - Unknown STM32CubeMX version: 6.11.0
2025-04-30 10:22:11,329 [ERROR] AppliInfo:139 - Unknown STM32CubeMX version: 6.11.0
2025-04-30 10:22:11,329 [ERROR] AppliInfo:139 - Unknown STM32CubeMX version: 6.11.0
2025-04-30 10:22:11,329 [ERROR] AppliInfo:139 - Unknown STM32CubeMX version: 6.11.0
2025-04-30 10:22:11,329 [ERROR] AppliInfo:139 - Unknown STM32CubeMX version: 6.11.0
2025-04-30 10:22:11,330 [ERROR] AppliInfo:139 - Unknown STM32CubeMX version: 6.11.0
2025-04-30 10:22:11,330 [ERROR] AppliInfo:139 - Unknown STM32CubeMX version: 6.11.0
2025-04-30 10:22:11,330 [ERROR] AppliInfo:139 - Unknown STM32CubeMX version: 6.11.0
2025-04-30 10:22:11,331 [ERROR] AppliInfo:139 - Unknown STM32CubeMX version: 6.11.0
2025-04-30 10:22:11,331 [ERROR] AppliInfo:139 - Unknown STM32CubeMX version: 6.11.0
2025-04-30 10:22:11,331 [ERROR] AppliInfo:139 - Unknown STM32CubeMX version: 6.11.0
2025-04-30 10:22:11,331 [ERROR] AppliInfo:139 - Unknown STM32CubeMX version: 6.11.0
2025-04-30 10:22:11,331 [ERROR] AppliInfo:139 - Unknown STM32CubeMX version: 6.11.0
2025-04-30 10:22:11,332 [ERROR] AppliInfo:139 - Unknown STM32CubeMX version: 6.11.0
2025-04-30 10:22:11,338 [ERROR] AppliInfo:139 - Unknown STM32CubeMX version: 6.11.0
2025-04-30 10:22:11,338 [ERROR] AppliInfo:139 - Unknown STM32CubeMX version: 6.11.0
2025-04-30 10:22:11,340 [ERROR] AppliInfo:139 - Unknown STM32CubeMX version: 6.11.0
2025-04-30 10:22:11,341 [ERROR] AppliInfo:139 - Unknown STM32CubeMX version: 6.11.0
2025-04-30 10:22:11,343 [ERROR] AppliInfo:139 - Unknown STM32CubeMX version: 6.11.0
2025-04-30 10:22:11,344 [ERROR] AppliInfo:139 - Unknown STM32CubeMX version: 6.11.0
2025-04-30 10:22:11,344 [ERROR] AppliInfo:139 - Unknown STM32CubeMX version: 6.11.0
2025-04-30 10:22:11,366 [ERROR] AppliInfo:139 - Unknown STM32CubeMX version: 6.11.0
2025-04-30 10:22:11,367 [ERROR] AppliInfo:139 - Unknown STM32CubeMX version: 6.11.0
2025-04-30 10:22:11,367 [ERROR] AppliInfo:139 - Unknown STM32CubeMX version: 6.11.0
2025-04-30 10:22:11,369 [ERROR] AppliInfo:139 - Unknown STM32CubeMX version: 6.12.0
2025-04-30 10:22:11,369 [ERROR] AppliInfo:139 - Unknown STM32CubeMX version: 6.12.0
2025-04-30 10:22:11,369 [ERROR] AppliInfo:139 - Unknown STM32CubeMX version: 6.11.0
2025-04-30 10:22:11,370 [ERROR] AppliInfo:139 - Unknown STM32CubeMX version: 6.12.0
2025-04-30 10:22:11,370 [ERROR] AppliInfo:139 - Unknown STM32CubeMX version: 6.12.0
2025-04-30 10:22:11,370 [ERROR] AppliInfo:139 - Unknown STM32CubeMX version: 6.12.0
2025-04-30 10:22:11,370 [ERROR] AppliInfo:139 - Unknown STM32CubeMX version: 6.12.0
2025-04-30 10:22:11,370 [ERROR] AppliInfo:139 - Unknown STM32CubeMX version: 6.12.0
2025-04-30 10:22:11,371 [ERROR] AppliInfo:139 - Unknown STM32CubeMX version: 6.12.0
2025-04-30 10:22:11,371 [ERROR] AppliInfo:139 - Unknown STM32CubeMX version: 6.12.0
2025-04-30 10:22:11,371 [ERROR] AppliInfo:139 - Unknown STM32CubeMX version: 6.12.0
2025-04-30 10:22:11,371 [ERROR] AppliInfo:139 - Unknown STM32CubeMX version: 6.12.0
2025-04-30 10:22:11,406 [ERROR] AppliInfo:139 - Unknown STM32CubeMX version: 6.12.0
2025-04-30 10:22:11,406 [ERROR] AppliInfo:139 - Unknown STM32CubeMX version: 6.12.0
2025-04-30 10:22:11,407 [ERROR] AppliInfo:139 - Unknown STM32CubeMX version: 6.12.0
2025-04-30 10:22:11,407 [ERROR] AppliInfo:139 - Unknown STM32CubeMX version: 6.12.0
2025-04-30 10:22:11,407 [ERROR] AppliInfo:139 - Unknown STM32CubeMX version: 6.12.0
2025-04-30 10:22:11,407 [ERROR] AppliInfo:139 - Unknown STM32CubeMX version: 6.12.0
2025-04-30 10:22:11,407 [ERROR] AppliInfo:139 - Unknown STM32CubeMX version: 6.12.0
2025-04-30 10:22:11,408 [ERROR] AppliInfo:139 - Unknown STM32CubeMX version: 6.12.0
2025-04-30 10:22:11,408 [ERROR] AppliInfo:139 - Unknown STM32CubeMX version: 6.12.0
2025-04-30 10:22:11,408 [ERROR] AppliInfo:139 - Unknown STM32CubeMX version: 6.12.0
2025-04-30 10:22:11,408 [ERROR] AppliInfo:139 - Unknown STM32CubeMX version: 6.12.0
2025-04-30 10:22:11,408 [ERROR] AppliInfo:139 - Unknown STM32CubeMX version: 6.12.0
2025-04-30 10:22:11,409 [ERROR] AppliInfo:139 - Unknown STM32CubeMX version: 6.12.0
2025-04-30 10:22:11,409 [ERROR] AppliInfo:139 - Unknown STM32CubeMX version: 6.12.0
2025-04-30 10:22:11,409 [ERROR] AppliInfo:139 - Unknown STM32CubeMX version: 6.12.0
2025-04-30 10:22:11,410 [ERROR] AppliInfo:139 - Unknown STM32CubeMX version: 6.12.0
2025-04-30 10:22:11,410 [ERROR] AppliInfo:139 - Unknown STM32CubeMX version: 6.11.0
2025-04-30 10:22:11,410 [ERROR] AppliInfo:139 - Unknown STM32CubeMX version: 6.11.0
2025-04-30 10:22:11,410 [ERROR] AppliInfo:139 - Unknown STM32CubeMX version: 6.11.0
2025-04-30 10:22:11,410 [ERROR] AppliInfo:139 - Unknown STM32CubeMX version: 6.11.0
2025-04-30 10:22:11,411 [ERROR] AppliInfo:139 - Unknown STM32CubeMX version: 6.12.0
2025-04-30 10:22:11,411 [ERROR] AppliInfo:139 - Unknown STM32CubeMX version: 6.11.0
2025-04-30 10:22:11,411 [ERROR] AppliInfo:139 - Unknown STM32CubeMX version: 6.11.0
2025-04-30 10:22:11,411 [ERROR] AppliInfo:139 - Unknown STM32CubeMX version: 6.11.0
2025-04-30 10:22:11,412 [ERROR] AppliInfo:139 - Unknown STM32CubeMX version: 6.11.0
2025-04-30 10:22:11,413 [ERROR] AppliInfo:139 - Unknown STM32CubeMX version: 6.11.0
2025-04-30 10:22:11,659 [ERROR] AppliInfo:139 - Unknown STM32CubeMX version: 6.11.0
2025-04-30 10:22:11,659 [ERROR] AppliInfo:139 - Unknown STM32CubeMX version: 6.11.0
2025-04-30 10:22:11,659 [ERROR] AppliInfo:139 - Unknown STM32CubeMX version: 6.11.0
2025-04-30 10:22:11,659 [ERROR] AppliInfo:139 - Unknown STM32CubeMX version: 6.11.0
2025-04-30 10:22:11,660 [ERROR] AppliInfo:139 - Unknown STM32CubeMX version: 6.11.0
2025-04-30 10:22:11,660 [ERROR] AppliInfo:139 - Unknown STM32CubeMX version: 6.11.0
2025-04-30 10:22:11,660 [ERROR] AppliInfo:139 - Unknown STM32CubeMX version: 6.11.0
2025-04-30 10:22:11,660 [ERROR] AppliInfo:139 - Unknown STM32CubeMX version: 6.11.0
2025-04-30 10:22:11,660 [ERROR] AppliInfo:139 - Unknown STM32CubeMX version: 6.11.0
2025-04-30 10:22:11,661 [ERROR] AppliInfo:139 - Unknown STM32CubeMX version: 6.11.0
2025-04-30 10:22:11,661 [ERROR] AppliInfo:139 - Unknown STM32CubeMX version: 6.11.0
2025-04-30 10:22:11,661 [ERROR] AppliInfo:139 - Unknown STM32CubeMX version: 6.11.0
2025-04-30 10:22:11,661 [ERROR] AppliInfo:139 - Unknown STM32CubeMX version: 6.11.0
2025-04-30 10:22:11,661 [ERROR] AppliInfo:139 - Unknown STM32CubeMX version: 6.11.0
2025-04-30 10:22:11,661 [ERROR] AppliInfo:139 - Unknown STM32CubeMX version: 6.11.0
2025-04-30 10:22:11,662 [ERROR] AppliInfo:139 - Unknown STM32CubeMX version: 6.11.0
2025-04-30 10:22:11,663 [ERROR] AppliInfo:139 - Unknown STM32CubeMX version: 6.11.0
2025-04-30 10:22:11,663 [ERROR] AppliInfo:139 - Unknown STM32CubeMX version: 6.11.0
2025-04-30 10:22:11,663 [ERROR] AppliInfo:139 - Unknown STM32CubeMX version: 6.11.0
2025-04-30 10:22:11,664 [ERROR] AppliInfo:139 - Unknown STM32CubeMX version: 6.11.0
2025-04-30 10:22:11,664 [ERROR] AppliInfo:139 - Unknown STM32CubeMX version: 6.11.0
2025-04-30 10:22:11,664 [ERROR] AppliInfo:139 - Unknown STM32CubeMX version: 6.11.0
2025-04-30 10:22:11,664 [ERROR] AppliInfo:139 - Unknown STM32CubeMX version: 6.11.0
2025-04-30 10:22:11,664 [ERROR] AppliInfo:139 - Unknown STM32CubeMX version: 6.11.0
2025-04-30 10:22:11,664 [ERROR] AppliInfo:139 - Unknown STM32CubeMX version: 6.11.0
2025-04-30 10:22:11,665 [ERROR] AppliInfo:139 - Unknown STM32CubeMX version: 6.11.0
2025-04-30 10:22:11,665 [ERROR] AppliInfo:139 - Unknown STM32CubeMX version: 6.11.0
2025-04-30 10:22:11,665 [ERROR] AppliInfo:139 - Unknown STM32CubeMX version: 6.11.0
2025-04-30 10:22:11,665 [ERROR] AppliInfo:139 - Unknown STM32CubeMX version: 6.11.0
2025-04-30 10:22:11,667 [ERROR] AppliInfo:139 - Unknown STM32CubeMX version: 6.11.0
2025-04-30 10:22:11,667 [ERROR] AppliInfo:139 - Unknown STM32CubeMX version: 6.11.0
2025-04-30 10:22:11,669 [ERROR] AppliInfo:139 - Unknown STM32CubeMX version: 6.11.0
2025-04-30 10:22:11,669 [ERROR] AppliInfo:139 - Unknown STM32CubeMX version: 6.11.0
2025-04-30 10:22:11,669 [ERROR] AppliInfo:139 - Unknown STM32CubeMX version: 6.11.0
2025-04-30 10:22:11,669 [ERROR] AppliInfo:139 - Unknown STM32CubeMX version: 6.11.0
2025-04-30 10:22:11,672 [ERROR] AppliInfo:139 - Unknown STM32CubeMX version: 6.11.0
2025-04-30 10:22:11,672 [ERROR] AppliInfo:139 - Unknown STM32CubeMX version: 6.11.0
2025-04-30 10:22:11,673 [ERROR] AppliInfo:139 - Unknown STM32CubeMX version: 6.11.0
2025-04-30 10:22:11,673 [ERROR] AppliInfo:139 - Unknown STM32CubeMX version: 6.11.0
2025-04-30 10:22:11,673 [ERROR] AppliInfo:139 - Unknown STM32CubeMX version: 6.11.0
2025-04-30 10:22:11,673 [ERROR] AppliInfo:139 - Unknown STM32CubeMX version: 6.11.0
2025-04-30 10:22:11,674 [ERROR] AppliInfo:139 - Unknown STM32CubeMX version: 6.11.0
2025-04-30 10:22:11,674 [ERROR] AppliInfo:139 - Unknown STM32CubeMX version: 6.11.0
2025-04-30 10:22:11,675 [ERROR] AppliInfo:139 - Unknown STM32CubeMX version: 6.11.0
2025-04-30 10:22:11,675 [ERROR] AppliInfo:139 - Unknown STM32CubeMX version: 6.11.0
2025-04-30 10:22:11,675 [ERROR] AppliInfo:139 - Unknown STM32CubeMX version: 6.11.0
2025-04-30 10:22:11,677 [ERROR] AppliInfo:139 - Unknown STM32CubeMX version: 6.11.0
2025-04-30 10:22:11,677 [ERROR] AppliInfo:139 - Unknown STM32CubeMX version: 6.11.0
2025-04-30 10:22:11,677 [ERROR] AppliInfo:139 - Unknown STM32CubeMX version: 6.11.0
2025-04-30 10:22:11,677 [ERROR] AppliInfo:139 - Unknown STM32CubeMX version: 6.11.0
2025-04-30 10:22:11,678 [ERROR] AppliInfo:139 - Unknown STM32CubeMX version: 6.11.0
2025-04-30 10:22:11,678 [ERROR] AppliInfo:139 - Unknown STM32CubeMX version: 6.11.0
2025-04-30 10:22:11,678 [ERROR] AppliInfo:139 - Unknown STM32CubeMX version: 6.11.0
2025-04-30 10:22:11,678 [ERROR] AppliInfo:139 - Unknown STM32CubeMX version: 6.11.0
2025-04-30 10:22:11,679 [ERROR] AppliInfo:139 - Unknown STM32CubeMX version: 6.11.0
2025-04-30 10:22:11,680 [ERROR] AppliInfo:139 - Unknown STM32CubeMX version: 6.11.0
2025-04-30 10:22:11,692 [ERROR] AppliInfo:139 - Unknown STM32CubeMX version: 6.11.0
2025-04-30 10:22:11,692 [ERROR] AppliInfo:139 - Unknown STM32CubeMX version: 6.12.0
2025-04-30 10:22:11,693 [ERROR] AppliInfo:139 - Unknown STM32CubeMX version: 6.11.0
2025-04-30 10:22:11,693 [ERROR] AppliInfo:139 - Unknown STM32CubeMX version: 6.11.0
2025-04-30 10:22:11,693 [ERROR] AppliInfo:139 - Unknown STM32CubeMX version: 6.11.0
2025-04-30 10:22:11,693 [ERROR] AppliInfo:139 - Unknown STM32CubeMX version: 6.11.0
2025-04-30 10:22:11,693 [ERROR] AppliInfo:139 - Unknown STM32CubeMX version: 6.11.0
2025-04-30 10:22:11,694 [ERROR] AppliInfo:139 - Unknown STM32CubeMX version: 6.11.0
2025-04-30 10:22:11,808 [ERROR] AppliInfo:139 - Unknown STM32CubeMX version: 6.11.0
2025-04-30 10:22:11,808 [ERROR] AppliInfo:139 - Unknown STM32CubeMX version: 6.11.0
2025-04-30 10:22:11,809 [ERROR] AppliInfo:139 - Unknown STM32CubeMX version: 6.11.0
2025-04-30 10:22:11,815 [ERROR] AppliInfo:139 - Unknown STM32CubeMX version: 6.12.0
2025-04-30 10:22:11,816 [ERROR] AppliInfo:139 - Unknown STM32CubeMX version: 6.12.0
2025-04-30 10:22:11,816 [ERROR] AppliInfo:139 - Unknown STM32CubeMX version: 6.12.0
2025-04-30 10:22:11,817 [ERROR] AppliInfo:139 - Unknown STM32CubeMX version: 6.12.0
2025-04-30 10:22:11,817 [ERROR] AppliInfo:139 - Unknown STM32CubeMX version: 6.12.0
2025-04-30 10:22:11,818 [ERROR] AppliInfo:139 - Unknown STM32CubeMX version: 6.12.0
2025-04-30 10:22:11,818 [ERROR] AppliInfo:139 - Unknown STM32CubeMX version: 6.12.0
2025-04-30 10:22:11,818 [ERROR] AppliInfo:139 - Unknown STM32CubeMX version: 6.12.0
2025-04-30 10:22:11,818 [ERROR] AppliInfo:139 - Unknown STM32CubeMX version: 6.12.0
2025-04-30 10:22:11,818 [ERROR] AppliInfo:139 - Unknown STM32CubeMX version: 6.12.0
2025-04-30 10:22:11,818 [ERROR] AppliInfo:139 - Unknown STM32CubeMX version: 6.12.0
2025-04-30 10:22:11,818 [ERROR] AppliInfo:139 - Unknown STM32CubeMX version: 6.12.0
2025-04-30 10:22:11,818 [ERROR] AppliInfo:139 - Unknown STM32CubeMX version: 6.12.0
2025-04-30 10:22:11,819 [ERROR] AppliInfo:139 - Unknown STM32CubeMX version: 6.12.0
2025-04-30 10:22:11,819 [ERROR] AppliInfo:139 - Unknown STM32CubeMX version: 6.12.0
2025-04-30 10:22:11,819 [ERROR] AppliInfo:139 - Unknown STM32CubeMX version: 6.12.0
2025-04-30 10:22:11,819 [ERROR] AppliInfo:139 - Unknown STM32CubeMX version: 6.12.0
2025-04-30 10:22:11,819 [ERROR] AppliInfo:139 - Unknown STM32CubeMX version: 6.12.0
2025-04-30 10:22:11,820 [ERROR] AppliInfo:139 - Unknown STM32CubeMX version: 6.12.0
2025-04-30 10:22:11,820 [ERROR] AppliInfo:139 - Unknown STM32CubeMX version: 6.12.0
2025-04-30 10:22:11,821 [ERROR] AppliInfo:139 - Unknown STM32CubeMX version: 6.12.0
2025-04-30 10:22:11,821 [ERROR] AppliInfo:139 - Unknown STM32CubeMX version: 6.12.0
2025-04-30 10:22:11,821 [ERROR] AppliInfo:139 - Unknown STM32CubeMX version: 6.12.0
2025-04-30 10:22:11,821 [ERROR] AppliInfo:139 - Unknown STM32CubeMX version: 6.12.0
2025-04-30 10:22:11,822 [ERROR] AppliInfo:139 - Unknown STM32CubeMX version: 6.12.0
2025-04-30 10:22:11,822 [ERROR] AppliInfo:139 - Unknown STM32CubeMX version: 6.12.0
2025-04-30 10:22:11,822 [ERROR] AppliInfo:139 - Unknown STM32CubeMX version: 6.12.0
2025-04-30 10:22:11,822 [ERROR] AppliInfo:139 - Unknown STM32CubeMX version: 6.12.0
2025-04-30 10:22:11,822 [ERROR] AppliInfo:139 - Unknown STM32CubeMX version: 6.12.0
2025-04-30 10:22:11,822 [ERROR] AppliInfo:139 - Unknown STM32CubeMX version: 6.12.0
2025-04-30 10:22:11,823 [ERROR] AppliInfo:139 - Unknown STM32CubeMX version: 6.12.0
2025-04-30 10:22:11,823 [ERROR] AppliInfo:139 - Unknown STM32CubeMX version: 6.12.0
2025-04-30 10:22:11,823 [ERROR] AppliInfo:139 - Unknown STM32CubeMX version: 6.12.0
2025-04-30 10:22:11,823 [ERROR] AppliInfo:139 - Unknown STM32CubeMX version: 6.12.0
2025-04-30 10:22:11,823 [ERROR] AppliInfo:139 - Unknown STM32CubeMX version: 6.12.0
2025-04-30 10:22:11,823 [ERROR] AppliInfo:139 - Unknown STM32CubeMX version: 6.12.0
2025-04-30 10:22:11,823 [ERROR] AppliInfo:139 - Unknown STM32CubeMX version: 6.12.0
2025-04-30 10:22:11,823 [ERROR] AppliInfo:139 - Unknown STM32CubeMX version: 6.12.0
2025-04-30 10:22:11,824 [ERROR] AppliInfo:139 - Unknown STM32CubeMX version: 6.12.0
2025-04-30 10:22:11,824 [ERROR] AppliInfo:139 - Unknown STM32CubeMX version: 6.12.0
2025-04-30 10:22:11,824 [ERROR] AppliInfo:139 - Unknown STM32CubeMX version: 6.12.0
2025-04-30 10:22:11,824 [ERROR] AppliInfo:139 - Unknown STM32CubeMX version: 6.12.0
2025-04-30 10:22:11,824 [ERROR] AppliInfo:139 - Unknown STM32CubeMX version: 6.12.0
2025-04-30 10:22:11,824 [ERROR] AppliInfo:139 - Unknown STM32CubeMX version: 6.12.0
2025-04-30 10:22:11,824 [ERROR] AppliInfo:139 - Unknown STM32CubeMX version: 6.12.0
2025-04-30 10:22:11,824 [ERROR] AppliInfo:139 - Unknown STM32CubeMX version: 6.12.0
2025-04-30 10:22:11,824 [ERROR] AppliInfo:139 - Unknown STM32CubeMX version: 6.12.0
2025-04-30 10:22:11,825 [ERROR] AppliInfo:139 - Unknown STM32CubeMX version: 6.12.0
2025-04-30 10:22:11,825 [ERROR] AppliInfo:139 - Unknown STM32CubeMX version: 6.12.0
2025-04-30 10:22:11,825 [ERROR] AppliInfo:139 - Unknown STM32CubeMX version: 6.12.0
2025-04-30 10:22:11,825 [ERROR] AppliInfo:139 - Unknown STM32CubeMX version: 6.12.0
2025-04-30 10:22:11,871 [ERROR] AppliInfo:139 - Unknown STM32CubeMX version: 6.12.0
2025-04-30 10:22:11,871 [ERROR] AppliInfo:139 - Unknown STM32CubeMX version: 6.12.0
2025-04-30 10:22:11,872 [ERROR] AppliInfo:139 - Unknown STM32CubeMX version: 6.12.0
2025-04-30 10:22:11,872 [ERROR] AppliInfo:139 - Unknown STM32CubeMX version: 6.12.0
2025-04-30 10:22:11,872 [ERROR] AppliInfo:139 - Unknown STM32CubeMX version: 6.12.0
2025-04-30 10:22:11,873 [ERROR] AppliInfo:139 - Unknown STM32CubeMX version: 6.12.0
2025-04-30 10:22:11,873 [ERROR] AppliInfo:139 - Unknown STM32CubeMX version: 6.12.0
2025-04-30 10:22:11,873 [ERROR] AppliInfo:139 - Unknown STM32CubeMX version: 6.12.0
2025-04-30 10:22:11,873 [ERROR] AppliInfo:139 - Unknown STM32CubeMX version: 6.12.0
2025-04-30 10:22:11,874 [ERROR] AppliInfo:139 - Unknown STM32CubeMX version: 6.12.0
2025-04-30 10:22:11,874 [ERROR] AppliInfo:139 - Unknown STM32CubeMX version: 6.12.0
2025-04-30 10:22:11,874 [ERROR] AppliInfo:139 - Unknown STM32CubeMX version: 6.12.0
2025-04-30 10:22:11,874 [ERROR] AppliInfo:139 - Unknown STM32CubeMX version: 6.12.0
2025-04-30 10:22:11,874 [ERROR] AppliInfo:139 - Unknown STM32CubeMX version: 6.12.0
2025-04-30 10:22:11,874 [ERROR] AppliInfo:139 - Unknown STM32CubeMX version: 6.12.0
2025-04-30 10:22:11,874 [ERROR] AppliInfo:139 - Unknown STM32CubeMX version: 6.12.0
2025-04-30 10:22:11,876 [ERROR] AppliInfo:139 - Unknown STM32CubeMX version: 6.12.0
2025-04-30 10:22:11,876 [ERROR] AppliInfo:139 - Unknown STM32CubeMX version: 6.12.0
2025-04-30 10:22:11,876 [ERROR] AppliInfo:139 - Unknown STM32CubeMX version: 6.12.0
2025-04-30 10:22:11,876 [ERROR] AppliInfo:139 - Unknown STM32CubeMX version: 6.12.0
2025-04-30 10:22:11,877 [ERROR] AppliInfo:139 - Unknown STM32CubeMX version: 6.12.0
2025-04-30 10:22:11,877 [ERROR] AppliInfo:139 - Unknown STM32CubeMX version: 6.12.0
2025-04-30 10:22:11,877 [ERROR] AppliInfo:139 - Unknown STM32CubeMX version: 6.12.0
2025-04-30 10:22:11,878 [ERROR] AppliInfo:139 - Unknown STM32CubeMX version: 6.12.0
2025-04-30 10:22:11,878 [ERROR] AppliInfo:139 - Unknown STM32CubeMX version: 6.12.0
2025-04-30 10:22:11,880 [ERROR] AppliInfo:139 - Unknown STM32CubeMX version: 6.12.0
2025-04-30 10:22:11,880 [ERROR] AppliInfo:139 - Unknown STM32CubeMX version: 6.12.0
2025-04-30 10:22:11,881 [ERROR] AppliInfo:139 - Unknown STM32CubeMX version: 6.12.0
2025-04-30 10:22:11,881 [ERROR] AppliInfo:139 - Unknown STM32CubeMX version: 6.12.0
2025-04-30 10:22:11,881 [ERROR] AppliInfo:139 - Unknown STM32CubeMX version: 6.12.0
2025-04-30 10:22:11,882 [ERROR] AppliInfo:139 - Unknown STM32CubeMX version: 6.12.0
2025-04-30 10:22:11,882 [ERROR] AppliInfo:139 - Unknown STM32CubeMX version: 6.12.0
2025-04-30 10:22:11,882 [ERROR] AppliInfo:139 - Unknown STM32CubeMX version: 6.12.0
2025-04-30 10:22:11,883 [ERROR] AppliInfo:139 - Unknown STM32CubeMX version: 6.12.0
2025-04-30 10:22:11,883 [ERROR] AppliInfo:139 - Unknown STM32CubeMX version: 6.12.0
2025-04-30 10:22:11,883 [ERROR] AppliInfo:139 - Unknown STM32CubeMX version: 6.12.0
2025-04-30 10:22:11,884 [ERROR] AppliInfo:139 - Unknown STM32CubeMX version: 6.12.0
2025-04-30 10:22:11,884 [ERROR] AppliInfo:139 - Unknown STM32CubeMX version: 6.12.0
2025-04-30 10:22:11,884 [ERROR] AppliInfo:139 - Unknown STM32CubeMX version: 6.12.0
2025-04-30 10:22:11,884 [ERROR] AppliInfo:139 - Unknown STM32CubeMX version: 6.12.0
2025-04-30 10:22:11,885 [ERROR] AppliInfo:139 - Unknown STM32CubeMX version: 6.12.0
2025-04-30 10:22:11,885 [ERROR] AppliInfo:139 - Unknown STM32CubeMX version: 6.12.0
2025-04-30 10:22:11,886 [ERROR] AppliInfo:139 - Unknown STM32CubeMX version: 6.12.0
2025-04-30 10:22:11,886 [ERROR] AppliInfo:139 - Unknown STM32CubeMX version: 6.12.0
2025-04-30 10:22:11,886 [ERROR] AppliInfo:139 - Unknown STM32CubeMX version: 6.12.0
2025-04-30 10:22:11,886 [ERROR] AppliInfo:139 - Unknown STM32CubeMX version: 6.12.0
2025-04-30 10:22:11,886 [ERROR] AppliInfo:139 - Unknown STM32CubeMX version: 6.12.0
2025-04-30 10:22:11,886 [ERROR] AppliInfo:139 - Unknown STM32CubeMX version: 6.12.0
2025-04-30 10:22:11,887 [ERROR] AppliInfo:139 - Unknown STM32CubeMX version: 6.12.0
2025-04-30 10:22:11,887 [ERROR] AppliInfo:139 - Unknown STM32CubeMX version: 6.12.0
2025-04-30 10:22:11,887 [ERROR] AppliInfo:139 - Unknown STM32CubeMX version: 6.12.0
2025-04-30 10:22:11,887 [ERROR] AppliInfo:139 - Unknown STM32CubeMX version: 6.12.0
2025-04-30 10:22:11,887 [ERROR] AppliInfo:139 - Unknown STM32CubeMX version: 6.12.0
2025-04-30 10:22:11,887 [ERROR] AppliInfo:139 - Unknown STM32CubeMX version: 6.12.0
2025-04-30 10:22:11,888 [ERROR] AppliInfo:139 - Unknown STM32CubeMX version: 6.12.0
2025-04-30 10:22:11,888 [ERROR] AppliInfo:139 - Unknown STM32CubeMX version: 6.12.0
2025-04-30 10:22:11,888 [ERROR] AppliInfo:139 - Unknown STM32CubeMX version: 6.12.0
2025-04-30 10:22:11,888 [ERROR] AppliInfo:139 - Unknown STM32CubeMX version: 6.12.0
2025-04-30 10:22:11,888 [ERROR] AppliInfo:139 - Unknown STM32CubeMX version: 6.12.0
2025-04-30 10:22:11,889 [ERROR] AppliInfo:139 - Unknown STM32CubeMX version: 6.12.0
2025-04-30 10:22:11,890 [ERROR] AppliInfo:139 - Unknown STM32CubeMX version: 6.12.0
2025-04-30 10:22:11,891 [ERROR] AppliInfo:139 - Unknown STM32CubeMX version: 6.12.0
2025-04-30 10:22:11,891 [ERROR] AppliInfo:139 - Unknown STM32CubeMX version: 6.12.0
2025-04-30 10:22:11,892 [ERROR] AppliInfo:139 - Unknown STM32CubeMX version: 6.12.0
2025-04-30 10:22:11,892 [ERROR] AppliInfo:139 - Unknown STM32CubeMX version: 6.12.0
2025-04-30 10:22:11,892 [ERROR] AppliInfo:139 - Unknown STM32CubeMX version: 6.12.0
2025-04-30 10:22:11,893 [ERROR] AppliInfo:139 - Unknown STM32CubeMX version: 6.12.0
2025-04-30 10:22:11,893 [ERROR] AppliInfo:139 - Unknown STM32CubeMX version: 6.12.0
2025-04-30 10:22:11,893 [ERROR] AppliInfo:139 - Unknown STM32CubeMX version: 6.12.0
2025-04-30 10:22:11,893 [ERROR] AppliInfo:139 - Unknown STM32CubeMX version: 6.12.0
2025-04-30 10:22:11,894 [ERROR] AppliInfo:139 - Unknown STM32CubeMX version: 6.12.0
2025-04-30 10:22:11,894 [ERROR] AppliInfo:139 - Unknown STM32CubeMX version: 6.12.0
2025-04-30 10:22:11,895 [ERROR] AppliInfo:139 - Unknown STM32CubeMX version: 6.12.0
2025-04-30 10:22:11,895 [ERROR] AppliInfo:139 - Unknown STM32CubeMX version: 6.12.0
2025-04-30 10:22:11,896 [ERROR] AppliInfo:139 - Unknown STM32CubeMX version: 6.12.0
2025-04-30 10:22:11,896 [ERROR] AppliInfo:139 - Unknown STM32CubeMX version: 6.12.0
2025-04-30 10:22:11,896 [ERROR] AppliInfo:139 - Unknown STM32CubeMX version: 6.12.0
2025-04-30 10:22:11,896 [ERROR] AppliInfo:139 - Unknown STM32CubeMX version: 6.12.0
2025-04-30 10:22:11,898 [ERROR] AppliInfo:139 - Unknown STM32CubeMX version: 6.12.0
2025-04-30 10:22:11,898 [ERROR] AppliInfo:139 - Unknown STM32CubeMX version: 6.12.0
2025-04-30 10:22:11,898 [ERROR] AppliInfo:139 - Unknown STM32CubeMX version: 6.12.0
2025-04-30 10:22:11,898 [ERROR] AppliInfo:139 - Unknown STM32CubeMX version: 6.12.0
2025-04-30 10:22:11,899 [ERROR] AppliInfo:139 - Unknown STM32CubeMX version: 6.12.0
2025-04-30 10:22:11,900 [ERROR] AppliInfo:139 - Unknown STM32CubeMX version: 6.12.0
2025-04-30 10:22:11,901 [ERROR] AppliInfo:139 - Unknown STM32CubeMX version: 6.12.0
2025-04-30 10:22:11,901 [ERROR] AppliInfo:139 - Unknown STM32CubeMX version: 6.12.0
2025-04-30 10:22:11,901 [ERROR] AppliInfo:139 - Unknown STM32CubeMX version: 6.12.0
2025-04-30 10:22:11,902 [ERROR] AppliInfo:139 - Unknown STM32CubeMX version: 6.12.0
2025-04-30 10:22:11,902 [ERROR] AppliInfo:139 - Unknown STM32CubeMX version: 6.12.0
2025-04-30 10:22:11,902 [ERROR] AppliInfo:139 - Unknown STM32CubeMX version: 6.12.0
2025-04-30 10:22:11,902 [ERROR] AppliInfo:139 - Unknown STM32CubeMX version: 6.12.0
2025-04-30 10:22:11,903 [ERROR] AppliInfo:139 - Unknown STM32CubeMX version: 6.12.0
2025-04-30 10:22:11,903 [ERROR] AppliInfo:139 - Unknown STM32CubeMX version: 6.12.0
2025-04-30 10:22:11,903 [ERROR] AppliInfo:139 - Unknown STM32CubeMX version: 6.12.0
2025-04-30 10:22:11,903 [ERROR] AppliInfo:139 - Unknown STM32CubeMX version: 6.12.0
2025-04-30 10:22:11,904 [ERROR] AppliInfo:139 - Unknown STM32CubeMX version: 6.12.0
2025-04-30 10:22:11,904 [ERROR] AppliInfo:139 - Unknown STM32CubeMX version: 6.12.0
2025-04-30 10:22:11,904 [ERROR] AppliInfo:139 - Unknown STM32CubeMX version: 6.12.0
2025-04-30 10:22:11,904 [ERROR] AppliInfo:139 - Unknown STM32CubeMX version: 6.12.0
2025-04-30 10:22:11,905 [ERROR] AppliInfo:139 - Unknown STM32CubeMX version: 6.12.0
2025-04-30 10:22:11,905 [ERROR] AppliInfo:139 - Unknown STM32CubeMX version: 6.12.0
2025-04-30 10:22:11,905 [ERROR] AppliInfo:139 - Unknown STM32CubeMX version: 6.12.0
2025-04-30 10:22:11,905 [ERROR] AppliInfo:139 - Unknown STM32CubeMX version: 6.12.0
2025-04-30 10:22:11,906 [ERROR] AppliInfo:139 - Unknown STM32CubeMX version: 6.12.0
2025-04-30 10:22:11,906 [ERROR] AppliInfo:139 - Unknown STM32CubeMX version: 6.12.0
2025-04-30 10:22:11,906 [ERROR] AppliInfo:139 - Unknown STM32CubeMX version: 6.12.0
2025-04-30 10:22:11,906 [ERROR] AppliInfo:139 - Unknown STM32CubeMX version: 6.12.0
2025-04-30 10:22:11,906 [ERROR] AppliInfo:139 - Unknown STM32CubeMX version: 6.12.0
2025-04-30 10:22:11,907 [ERROR] AppliInfo:139 - Unknown STM32CubeMX version: 6.12.0
2025-04-30 10:22:11,907 [ERROR] AppliInfo:139 - Unknown STM32CubeMX version: 6.12.0
2025-04-30 10:22:11,907 [ERROR] AppliInfo:139 - Unknown STM32CubeMX version: 6.12.0
2025-04-30 10:22:11,907 [ERROR] AppliInfo:139 - Unknown STM32CubeMX version: 6.12.0
2025-04-30 10:22:11,907 [ERROR] AppliInfo:139 - Unknown STM32CubeMX version: 6.12.0
2025-04-30 10:22:11,908 [ERROR] AppliInfo:139 - Unknown STM32CubeMX version: 6.12.0
2025-04-30 10:22:11,908 [ERROR] AppliInfo:139 - Unknown STM32CubeMX version: 6.12.0
2025-04-30 10:22:11,908 [ERROR] AppliInfo:139 - Unknown STM32CubeMX version: 6.12.0
2025-04-30 10:22:11,908 [ERROR] AppliInfo:139 - Unknown STM32CubeMX version: 6.12.0
2025-04-30 10:22:11,908 [ERROR] AppliInfo:139 - Unknown STM32CubeMX version: 6.12.0
2025-04-30 10:22:11,908 [ERROR] AppliInfo:139 - Unknown STM32CubeMX version: 6.12.0
2025-04-30 10:22:11,908 [ERROR] AppliInfo:139 - Unknown STM32CubeMX version: 6.12.0
2025-04-30 10:22:11,909 [ERROR] AppliInfo:139 - Unknown STM32CubeMX version: 6.12.0
2025-04-30 10:22:11,909 [ERROR] AppliInfo:139 - Unknown STM32CubeMX version: 6.12.0
2025-04-30 10:22:11,909 [ERROR] AppliInfo:139 - Unknown STM32CubeMX version: 6.12.0
2025-04-30 10:22:11,909 [ERROR] AppliInfo:139 - Unknown STM32CubeMX version: 6.12.0
2025-04-30 10:22:11,910 [ERROR] AppliInfo:139 - Unknown STM32CubeMX version: 6.12.0
2025-04-30 10:22:11,937 [ERROR] AppliInfo:139 - Unknown STM32CubeMX version: 6.12.0
2025-04-30 10:22:11,940 [ERROR] AppliInfo:139 - Unknown STM32CubeMX version: 6.12.0
2025-04-30 10:22:11,941 [ERROR] AppliInfo:139 - Unknown STM32CubeMX version: 6.12.0
2025-04-30 10:22:11,942 [ERROR] AppliInfo:139 - Unknown STM32CubeMX version: 6.12.0
2025-04-30 10:22:11,943 [ERROR] AppliInfo:139 - Unknown STM32CubeMX version: 6.12.0
2025-04-30 10:22:11,943 [ERROR] AppliInfo:139 - Unknown STM32CubeMX version: 6.12.0
2025-04-30 10:22:11,943 [ERROR] AppliInfo:139 - Unknown STM32CubeMX version: 6.12.0
2025-04-30 10:22:11,944 [ERROR] AppliInfo:139 - Unknown STM32CubeMX version: 6.12.0
2025-04-30 10:22:11,944 [ERROR] AppliInfo:139 - Unknown STM32CubeMX version: 6.12.0
2025-04-30 10:22:11,944 [ERROR] AppliInfo:139 - Unknown STM32CubeMX version: 6.12.0
2025-04-30 10:22:11,945 [ERROR] AppliInfo:139 - Unknown STM32CubeMX version: 6.12.0
2025-04-30 10:22:11,945 [ERROR] AppliInfo:139 - Unknown STM32CubeMX version: 6.12.0
2025-04-30 10:22:11,947 [ERROR] AppliInfo:139 - Unknown STM32CubeMX version: 6.12.0
2025-04-30 10:22:11,957 [ERROR] AppliInfo:139 - Unknown STM32CubeMX version: 6.12.0
2025-04-30 10:22:11,969 [ERROR] AppliInfo:139 - Unknown STM32CubeMX version: 6.12.0
2025-04-30 10:22:11,973 [ERROR] AppliInfo:139 - Unknown STM32CubeMX version: 6.12.0
2025-04-30 10:22:11,980 [ERROR] AppliInfo:139 - Unknown STM32CubeMX version: 6.12.0
2025-04-30 10:22:11,983 [ERROR] AppliInfo:139 - Unknown STM32CubeMX version: 6.12.0
2025-04-30 10:22:11,990 [ERROR] AppliInfo:139 - Unknown STM32CubeMX version: 6.12.0
2025-04-30 10:22:11,991 [ERROR] AppliInfo:139 - Unknown STM32CubeMX version: 6.12.0
2025-04-30 10:22:11,991 [ERROR] AppliInfo:139 - Unknown STM32CubeMX version: 6.12.0
2025-04-30 10:22:11,991 [ERROR] AppliInfo:139 - Unknown STM32CubeMX version: 6.12.0
2025-04-30 10:22:11,994 [ERROR] AppliInfo:139 - Unknown STM32CubeMX version: 6.12.0
2025-04-30 10:22:11,995 [ERROR] AppliInfo:139 - Unknown STM32CubeMX version: 6.12.0
2025-04-30 10:22:12,002 [ERROR] AppliInfo:139 - Unknown STM32CubeMX version: 6.12.0
2025-04-30 10:22:12,132 [ERROR] AppliInfo:139 - Unknown STM32CubeMX version: 6.12.0
2025-04-30 10:22:12,132 [ERROR] AppliInfo:139 - Unknown STM32CubeMX version: 6.12.0
2025-04-30 10:22:12,133 [ERROR] AppliInfo:139 - Unknown STM32CubeMX version: 6.12.0
2025-04-30 10:22:12,133 [ERROR] AppliInfo:139 - Unknown STM32CubeMX version: 6.12.0
2025-04-30 10:22:12,133 [ERROR] AppliInfo:139 - Unknown STM32CubeMX version: 6.12.0
2025-04-30 10:22:12,133 [ERROR] AppliInfo:139 - Unknown STM32CubeMX version: 6.12.0
2025-04-30 10:22:12,133 [ERROR] AppliInfo:139 - Unknown STM32CubeMX version: 6.12.0
2025-04-30 10:22:12,134 [ERROR] AppliInfo:139 - Unknown STM32CubeMX version: 6.12.0
2025-04-30 10:22:12,134 [ERROR] AppliInfo:139 - Unknown STM32CubeMX version: 6.12.0
2025-04-30 10:22:12,134 [ERROR] AppliInfo:139 - Unknown STM32CubeMX version: 6.12.0
2025-04-30 10:22:12,134 [ERROR] AppliInfo:139 - Unknown STM32CubeMX version: 6.12.0
2025-04-30 10:22:12,135 [ERROR] AppliInfo:139 - Unknown STM32CubeMX version: 6.12.0
2025-04-30 10:22:12,135 [ERROR] AppliInfo:139 - Unknown STM32CubeMX version: 6.12.0
2025-04-30 10:22:12,135 [ERROR] AppliInfo:139 - Unknown STM32CubeMX version: 6.12.0
2025-04-30 10:22:12,135 [ERROR] AppliInfo:139 - Unknown STM32CubeMX version: 6.12.0
2025-04-30 10:22:12,136 [ERROR] AppliInfo:139 - Unknown STM32CubeMX version: 6.12.0
2025-04-30 10:22:12,136 [ERROR] AppliInfo:139 - Unknown STM32CubeMX version: 6.12.0
2025-04-30 10:22:12,136 [ERROR] AppliInfo:139 - Unknown STM32CubeMX version: 6.12.0
2025-04-30 10:22:12,136 [ERROR] AppliInfo:139 - Unknown STM32CubeMX version: 6.12.0
2025-04-30 10:22:12,137 [ERROR] AppliInfo:139 - Unknown STM32CubeMX version: 6.12.0
2025-04-30 10:22:12,137 [ERROR] AppliInfo:139 - Unknown STM32CubeMX version: 6.12.0
2025-04-30 10:22:12,138 [ERROR] AppliInfo:139 - Unknown STM32CubeMX version: 6.12.0
2025-04-30 10:22:12,138 [ERROR] AppliInfo:139 - Unknown STM32CubeMX version: 6.12.0
2025-04-30 10:22:12,138 [ERROR] AppliInfo:139 - Unknown STM32CubeMX version: 6.12.0
2025-04-30 10:22:12,872 [ERROR] AppliInfo:139 - Unknown STM32CubeMX version: 6.12.0
2025-04-30 10:22:12,875 [ERROR] AppliInfo:139 - Unknown STM32CubeMX version: 6.12.0
2025-04-30 10:22:12,875 [ERROR] AppliInfo:139 - Unknown STM32CubeMX version: 6.12.0
2025-04-30 10:22:12,888 [ERROR] AppliInfo:139 - Unknown STM32CubeMX version: 6.12.0
2025-04-30 10:22:12,889 [ERROR] AppliInfo:139 - Unknown STM32CubeMX version: 6.12.0
2025-04-30 10:22:12,889 [ERROR] AppliInfo:139 - Unknown STM32CubeMX version: 6.12.0
2025-04-30 10:22:12,890 [ERROR] AppliInfo:139 - Unknown STM32CubeMX version: 6.12.0
2025-04-30 10:22:12,890 [ERROR] AppliInfo:139 - Unknown STM32CubeMX version: 6.12.0
2025-04-30 10:22:12,890 [ERROR] AppliInfo:139 - Unknown STM32CubeMX version: 6.12.0
2025-04-30 10:22:12,893 [ERROR] AppliInfo:139 - Unknown STM32CubeMX version: 6.12.0
2025-04-30 10:22:12,894 [ERROR] AppliInfo:139 - Unknown STM32CubeMX version: 6.12.0
2025-04-30 10:22:12,894 [ERROR] AppliInfo:139 - Unknown STM32CubeMX version: 6.12.0
2025-04-30 10:22:12,894 [ERROR] AppliInfo:139 - Unknown STM32CubeMX version: 6.12.0
2025-04-30 10:22:12,896 [ERROR] AppliInfo:139 - Unknown STM32CubeMX version: 6.12.0
2025-04-30 10:22:12,896 [ERROR] AppliInfo:139 - Unknown STM32CubeMX version: 6.12.0
2025-04-30 10:22:12,897 [ERROR] AppliInfo:139 - Unknown STM32CubeMX version: 6.12.0
2025-04-30 10:22:12,897 [ERROR] AppliInfo:139 - Unknown STM32CubeMX version: 6.12.0
2025-04-30 10:22:12,897 [ERROR] AppliInfo:139 - Unknown STM32CubeMX version: 6.12.0
2025-04-30 10:22:12,897 [ERROR] AppliInfo:139 - Unknown STM32CubeMX version: 6.12.0
2025-04-30 10:22:12,898 [ERROR] AppliInfo:139 - Unknown STM32CubeMX version: 6.12.0
2025-04-30 10:22:12,898 [ERROR] AppliInfo:139 - Unknown STM32CubeMX version: 6.12.0
2025-04-30 10:22:12,898 [ERROR] AppliInfo:139 - Unknown STM32CubeMX version: 6.12.0
2025-04-30 10:22:12,899 [ERROR] AppliInfo:139 - Unknown STM32CubeMX version: 6.12.0
2025-04-30 10:22:12,899 [ERROR] AppliInfo:139 - Unknown STM32CubeMX version: 6.12.0
2025-04-30 10:22:12,899 [ERROR] AppliInfo:139 - Unknown STM32CubeMX version: 6.12.0
2025-04-30 10:22:12,899 [ERROR] AppliInfo:139 - Unknown STM32CubeMX version: 6.12.0
2025-04-30 10:22:12,899 [ERROR] AppliInfo:139 - Unknown STM32CubeMX version: 6.12.0
2025-04-30 10:22:12,900 [ERROR] AppliInfo:139 - Unknown STM32CubeMX version: 6.12.0
2025-04-30 10:22:12,900 [ERROR] AppliInfo:139 - Unknown STM32CubeMX version: 6.12.0
2025-04-30 10:22:12,904 [ERROR] AppliInfo:139 - Unknown STM32CubeMX version: 6.12.0
2025-04-30 10:22:12,904 [ERROR] AppliInfo:139 - Unknown STM32CubeMX version: 6.12.0
2025-04-30 10:22:12,905 [ERROR] AppliInfo:139 - Unknown STM32CubeMX version: 6.12.0
2025-04-30 10:22:12,905 [ERROR] AppliInfo:139 - Unknown STM32CubeMX version: 6.12.0
2025-04-30 10:22:12,905 [ERROR] AppliInfo:139 - Unknown STM32CubeMX version: 6.12.0
2025-04-30 10:22:12,905 [ERROR] AppliInfo:139 - Unknown STM32CubeMX version: 6.12.0
2025-04-30 10:22:12,906 [ERROR] AppliInfo:139 - Unknown STM32CubeMX version: 6.12.0
2025-04-30 10:22:12,907 [ERROR] AppliInfo:139 - Unknown STM32CubeMX version: 6.12.0
2025-04-30 10:22:12,909 [ERROR] AppliInfo:139 - Unknown STM32CubeMX version: 6.12.0
2025-04-30 10:22:12,909 [ERROR] AppliInfo:139 - Unknown STM32CubeMX version: 6.12.0
2025-04-30 10:22:12,910 [ERROR] AppliInfo:139 - Unknown STM32CubeMX version: 6.12.0
2025-04-30 10:22:12,910 [ERROR] AppliInfo:139 - Unknown STM32CubeMX version: 6.12.0
2025-04-30 10:22:12,910 [ERROR] AppliInfo:139 - Unknown STM32CubeMX version: 6.12.0
2025-04-30 10:22:12,917 [ERROR] AppliInfo:139 - Unknown STM32CubeMX version: 6.12.0
2025-04-30 10:22:12,918 [ERROR] AppliInfo:139 - Unknown STM32CubeMX version: 6.12.0
2025-04-30 10:22:12,918 [ERROR] AppliInfo:139 - Unknown STM32CubeMX version: 6.12.0
2025-04-30 10:22:12,918 [ERROR] AppliInfo:139 - Unknown STM32CubeMX version: 6.12.0
2025-04-30 10:22:14,484 [ERROR] AppliInfo:139 - Unknown STM32CubeMX version: 6.11.0
2025-04-30 10:22:14,713 [ERROR] AppliInfo:139 - Unknown STM32CubeMX version: 6.11.0
2025-04-30 10:22:14,865 [ERROR] AppliInfo:139 - Unknown STM32CubeMX version: 6.11.0
2025-04-30 10:22:14,866 [ERROR] AppliInfo:139 - Unknown STM32CubeMX version: 6.11.0
2025-04-30 10:22:14,878 [ERROR] AppliInfo:139 - Unknown STM32CubeMX version: 6.11.0
2025-04-30 10:22:14,879 [ERROR] AppliInfo:139 - Unknown STM32CubeMX version: 6.11.0
2025-04-30 10:22:15,253 [ERROR] AppliInfo:139 - Unknown STM32CubeMX version: 6.11.0
2025-04-30 10:22:15,268 [ERROR] AppliInfo:139 - Unknown STM32CubeMX version: 6.11.0
2025-04-30 10:22:15,269 [ERROR] AppliInfo:139 - Unknown STM32CubeMX version: 6.11.0
2025-04-30 10:22:15,269 [ERROR] AppliInfo:139 - Unknown STM32CubeMX version: 6.11.0
2025-04-30 10:22:15,269 [ERROR] AppliInfo:139 - Unknown STM32CubeMX version: 6.11.0
2025-04-30 10:22:15,270 [ERROR] AppliInfo:139 - Unknown STM32CubeMX version: 6.11.0
2025-04-30 10:22:15,270 [ERROR] AppliInfo:139 - Unknown STM32CubeMX version: 6.11.0
2025-04-30 10:22:15,271 [ERROR] AppliInfo:139 - Unknown STM32CubeMX version: 6.11.0
2025-04-30 10:22:15,281 [ERROR] AppliInfo:139 - Unknown STM32CubeMX version: 6.11.0
2025-04-30 10:22:15,282 [ERROR] AppliInfo:139 - Unknown STM32CubeMX version: 6.11.0
2025-04-30 10:22:15,288 [ERROR] AppliInfo:139 - Unknown STM32CubeMX version: 6.11.0
2025-04-30 10:22:15,290 [ERROR] AppliInfo:139 - Unknown STM32CubeMX version: 6.11.0
2025-04-30 10:22:15,291 [ERROR] AppliInfo:139 - Unknown STM32CubeMX version: 6.11.0
2025-04-30 10:22:15,292 [ERROR] AppliInfo:139 - Unknown STM32CubeMX version: 6.11.0
2025-04-30 10:22:15,306 [ERROR] AppliInfo:139 - Unknown STM32CubeMX version: 6.11.0
2025-04-30 10:22:15,307 [ERROR] AppliInfo:139 - Unknown STM32CubeMX version: 6.11.0
2025-04-30 10:22:15,308 [ERROR] AppliInfo:139 - Unknown STM32CubeMX version: 6.11.0
2025-04-30 10:22:15,309 [ERROR] AppliInfo:139 - Unknown STM32CubeMX version: 6.11.0
2025-04-30 10:22:15,310 [ERROR] AppliInfo:139 - Unknown STM32CubeMX version: 6.11.0
2025-04-30 10:22:15,310 [ERROR] AppliInfo:139 - Unknown STM32CubeMX version: 6.11.0
2025-04-30 10:22:15,310 [ERROR] AppliInfo:139 - Unknown STM32CubeMX version: 6.11.0
2025-04-30 10:22:15,311 [ERROR] AppliInfo:139 - Unknown STM32CubeMX version: 6.11.0
2025-04-30 10:22:15,318 [ERROR] AppliInfo:139 - Unknown STM32CubeMX version: 6.11.0
2025-04-30 10:22:15,514 [ERROR] AppliInfo:139 - Unknown STM32CubeMX version: 6.11.0
2025-04-30 10:22:15,514 [ERROR] AppliInfo:139 - Unknown STM32CubeMX version: 6.11.0
2025-04-30 10:22:15,529 [ERROR] AppliInfo:139 - Unknown STM32CubeMX version: 6.11.0
2025-04-30 10:22:15,531 [ERROR] AppliInfo:139 - Unknown STM32CubeMX version: 6.11.0
2025-04-30 10:22:15,531 [ERROR] AppliInfo:139 - Unknown STM32CubeMX version: 6.11.0
2025-04-30 10:22:15,532 [ERROR] AppliInfo:139 - Unknown STM32CubeMX version: 6.11.0
2025-04-30 10:22:15,532 [ERROR] AppliInfo:139 - Unknown STM32CubeMX version: 6.11.0
2025-04-30 10:22:15,533 [ERROR] AppliInfo:139 - Unknown STM32CubeMX version: 6.11.0
2025-04-30 10:22:15,554 [ERROR] AppliInfo:139 - Unknown STM32CubeMX version: 6.11.0
2025-04-30 10:22:15,610 [ERROR] AppliInfo:139 - Unknown STM32CubeMX version: 6.11.0
2025-04-30 10:22:15,618 [ERROR] AppliInfo:139 - Unknown STM32CubeMX version: 6.11.0
2025-04-30 10:22:15,618 [ERROR] AppliInfo:139 - Unknown STM32CubeMX version: 6.11.0
2025-04-30 10:22:15,619 [ERROR] AppliInfo:139 - Unknown STM32CubeMX version: 6.11.0
2025-04-30 10:22:15,620 [ERROR] AppliInfo:139 - Unknown STM32CubeMX version: 6.11.0
2025-04-30 10:22:15,620 [ERROR] AppliInfo:139 - Unknown STM32CubeMX version: 6.11.0
2025-04-30 10:22:36,538 [INFO] Activator:176 - 


2025-04-30 10:22:36,541 [INFO] Activator:177 - !SESSION log4j initialized
2025-04-30 10:22:39,390 [INFO] LogOutputStream:77 - [STDOUT_REDIRECT] 
2025-04-30 10:22:48,165 [INFO] ApplicationProperties:184 - Using Application install path: C:\ST\STM32CubeIDE_1.14.0\STM32CubeIDE\plugins\com.st.stm32cube.common.mx_6.10.0.202311202037
2025-04-30 10:22:48,195 [INFO] DbMcusXml:78 - Set database path to: C:\ST\STM32CubeIDE_1.14.0\STM32CubeIDE\plugins\com.st.stm32cube.common.mx_6.10.0.202311202037\\db\/mcu/
2025-04-30 10:22:48,195 [INFO] ApiDb:274 - Set plugin database path to: C:\ST\STM32CubeIDE_1.14.0\STM32CubeIDE\plugins\com.st.stm32cube.common.mx_6.10.0.202311202037\\db\/plugins/boardmanager/
2025-04-30 10:22:48,196 [WARN] ApiDb:259 - Overriding images path with different value:  => C:\ST\STM32CubeIDE_1.14.0\STM32CubeIDE\plugins\com.st.stm32cube.common.mx_6.10.0.202311202037\\db\/plugins/mcufinder/images/
2025-04-30 10:22:48,207 [INFO] ApiDb:250 - Set database path to: C:\Users\jayka\.stmcufinder\plugins\mcufinder//mcu/
2025-04-30 10:22:48,210 [INFO] DbMcusAds:125 - Set database path to: C:\Users\jayka\.stmcufinder\plugins\mcufinder//mcu/
2025-04-30 10:22:48,213 [INFO] CrossReferenceDbSqlite:203 - Set database path to: C:\Users\jayka\.stmcufinder\plugins\mcufinder//mcu/cs/
2025-04-30 10:22:48,444 [INFO] RulesReader:64 - Compatibility file has been processed (297 Rules)
2025-04-30 10:22:48,594 [INFO] DbMcusXml:78 - Set database path to: C:\ST\STM32CubeIDE_1.14.0\STM32CubeIDE\plugins\com.st.stm32cube.common.mx_6.10.0.202311202037\\db\/mcu/
2025-04-30 10:22:48,595 [INFO] ApiDb:274 - Set plugin database path to: C:\ST\STM32CubeIDE_1.14.0\STM32CubeIDE\plugins\com.st.stm32cube.common.mx_6.10.0.202311202037\\db\/plugins/boardmanager/
2025-04-30 10:22:48,595 [INFO] ApiDb:261 - Set plugin images path to: C:\ST\STM32CubeIDE_1.14.0\STM32CubeIDE\plugins\com.st.stm32cube.common.mx_6.10.0.202311202037\\db\/plugins/mcufinder/images/
2025-04-30 10:22:48,596 [WARN] DbFile:41 - Overriding database path with different value: C:\Users\jayka\.stmcufinder\plugins\mcufinder/ => C:\Users\jayka\.stmcufinder\plugins\mcufinder
2025-04-30 10:22:48,598 [INFO] ApiDb:250 - Set database path to: C:\Users\jayka\.stmcufinder\plugins\mcufinder//mcu/
2025-04-30 10:22:48,598 [WARN] DbFile:41 - Overriding database path with different value: C:\Users\jayka\.stmcufinder\plugins\mcufinder/ => C:\Users\jayka\.stmcufinder\plugins\mcufinder
2025-04-30 10:22:48,598 [INFO] DbMcusAds:125 - Set database path to: C:\Users\jayka\.stmcufinder\plugins\mcufinder//mcu/
2025-04-30 10:22:48,598 [WARN] DbFile:41 - Overriding database path with different value: C:\Users\jayka\.stmcufinder\plugins\mcufinder/ => C:\Users\jayka\.stmcufinder\plugins\mcufinder
2025-04-30 10:22:48,598 [WARN] DbFile:41 - Overriding database path with different value: C:\Users\jayka\.stmcufinder\plugins\mcufinder/ => C:\Users\jayka\.stmcufinder\plugins\mcufinder
2025-04-30 10:22:48,598 [INFO] CrossReferenceDbSqlite:203 - Set database path to: C:\Users\jayka\.stmcufinder\plugins\mcufinder//mcu/cs/
2025-04-30 10:22:48,724 [INFO] MainPanel:264 - HeapMemory: 268435456
2025-04-30 10:22:49,057 [INFO] DbMcusXml:78 - Set database path to: C:\ST\STM32CubeIDE_1.14.0\STM32CubeIDE\plugins\com.st.stm32cube.common.mx_6.10.0.202311202037\\db\/mcu/
2025-04-30 10:22:49,058 [INFO] ApiDb:274 - Set plugin database path to: C:\ST\STM32CubeIDE_1.14.0\STM32CubeIDE\plugins\com.st.stm32cube.common.mx_6.10.0.202311202037\\db\/plugins/boardmanager/
2025-04-30 10:22:49,058 [INFO] ApiDb:261 - Set plugin images path to: C:\ST\STM32CubeIDE_1.14.0\STM32CubeIDE\plugins\com.st.stm32cube.common.mx_6.10.0.202311202037\\db\/plugins/mcufinder/images/
2025-04-30 10:22:49,071 [WARN] DbFile:41 - Overriding database path with different value: C:\Users\jayka\.stmcufinder\plugins\mcufinder/ => C:\Users\jayka\.stmcufinder\plugins\mcufinder
2025-04-30 10:22:49,071 [INFO] ApiDb:250 - Set database path to: C:\Users\jayka\.stmcufinder\plugins\mcufinder//mcu/
2025-04-30 10:22:49,072 [WARN] DbFile:41 - Overriding database path with different value: C:\Users\jayka\.stmcufinder\plugins\mcufinder/ => C:\Users\jayka\.stmcufinder\plugins\mcufinder
2025-04-30 10:22:49,072 [INFO] DbMcusAds:125 - Set database path to: C:\Users\jayka\.stmcufinder\plugins\mcufinder//mcu/
2025-04-30 10:22:49,072 [WARN] DbFile:41 - Overriding database path with different value: C:\Users\jayka\.stmcufinder\plugins\mcufinder/ => C:\Users\jayka\.stmcufinder\plugins\mcufinder
2025-04-30 10:22:49,072 [WARN] DbFile:41 - Overriding database path with different value: C:\Users\jayka\.stmcufinder\plugins\mcufinder/ => C:\Users\jayka\.stmcufinder\plugins\mcufinder
2025-04-30 10:22:49,072 [INFO] CrossReferenceDbSqlite:203 - Set database path to: C:\Users\jayka\.stmcufinder\plugins\mcufinder//mcu/cs/
2025-04-30 10:22:49,129 [INFO] ApplicationProperties:184 - Using Application install path: C:\ST\STM32CubeIDE_1.14.0\STM32CubeIDE\plugins\com.st.stm32cube.common.mx_6.10.0.202311202037
2025-04-30 10:22:49,134 [INFO] PluginManage:196 - Search for loadable plugins [exclusion list=, ]
2025-04-30 10:22:49,141 [INFO] PluginManage:310 - Check plugin analytics
2025-04-30 10:22:49,604 [INFO] AnalyticsPlugin:253 - Accepted Software Licenses: 
2025-04-30 10:22:49,605 [INFO] AnalyticsPlugin:255 - Accepted CMSIS Pack Licenses: 
2025-04-30 10:22:49,605 [INFO] AnalyticsPlugin:257 - Accepted Firmware Licenses: 
2025-04-30 10:22:49,609 [INFO] PluginManage:359 - Loaded plugin analytics (category:tool,tabindex:-1)
2025-04-30 10:22:49,609 [INFO] PluginManage:310 - Check plugin cadmodel
2025-04-30 10:22:49,619 [INFO] CADModel:105 - Init CAD model plugin
2025-04-30 10:22:49,619 [INFO] PluginManage:359 - Loaded plugin cadmodel (category:power,tabindex:5)
2025-04-30 10:22:49,619 [INFO] PluginManage:310 - Check plugin clock
2025-04-30 10:22:49,642 [INFO] PluginManage:359 - Loaded plugin clock (category:base,tabindex:2)
2025-04-30 10:22:49,642 [INFO] PluginManage:310 - Check plugin ddr
2025-04-30 10:22:49,647 [INFO] PluginManage:359 - Loaded plugin ddr (category:tool,tabindex:6)
2025-04-30 10:22:49,648 [INFO] PluginManage:310 - Check plugin filemanager
